날짜,KOSPI,건설업,의약품,철강금속,증권,금융업,기계,화학,서비스업,전기전자,운수장비,유통업,음식료품
20221024,223616,0.9565572789197385,0.8834687845845768,0.9726648223260514,0.9059355679992273,0.966607171691666,0.8776709141888448,1.0,0.8309201792751775,0.8507352930263155,0.9431159491791201,0.9742761224859988,0.9706976586692271
20221021,221312,0.9789122098776284,0.9376681720900255,1.0000000000000002,0.9433399661235645,1.0,0.9110609146353781,0.9888299629819096,0.8629016494636954,0.9064125046190235,0.995684661372523,1.0,1.0
20221020,221809,0.9600447357185002,0.9507545534469959,0.9601744401602621,0.9351422020580237,0.9681668320801649,0.9182855203253868,0.9071383367069573,0.8667367633155645,0.906186726586304,0.9969864682794862,0.9718364930088472,0.9750149732091815
20221019,223744,0.9227867462242121,0.9257976138631283,0.8551847408716566,0.8877040657788465,0.89784041779486,0.8455362670133635,0.8758408773070435,0.8259798115531873,0.8935633822822786,0.9482108015945336,0.8702155817454824,0.9098212780235029
20221018,224995,0.92607865321533,0.8469068463225635,0.8271268603805513,0.8504526604751427,0.8510441746711161,0.8101280326962352,0.85095437326132,0.8137422577844895,0.8463575744013121,0.9115485841152442,0.8273683474653706,0.8639547361351747
20221017,221971,0.9627173347413296,0.8879637163549383,0.8557673342385612,0.8743428837182582,0.8910154025098183,0.8437723103724686,0.8839643179860218,0.8555143008404253,0.8604037509351545,0.950925021048646,0.8628928836227878,0.9374467427178335
20221014,221255,0.9906359732397554,0.9145473845388612,0.8485569669548221,0.8949798687565481,0.9292379993333815,0.9339180794352115,0.9058847554069148,0.8643015743316553,0.890677295691944,0.9660966313979336,0.8720885989257625,0.9423394644393808
20221013,216287,1.0,0.9898855739815684,0.8832912465695559,0.9176624101508576,0.9673521277010222,0.9771940503174266,0.9152987104090343,0.8857139857698619,0.932398727919598,0.9999999999999998,0.9446775933796037,0.9769823434500693
20221012,220247,0.9711008855993968,0.947191061686391,0.8379147917786691,0.903288745136105,0.9367826183652577,0.8333929152179222,0.8916115846169096,0.8259576271227123,0.9370814312175924,0.966133552843724,0.8979248426768147,0.912117505067179
20221011,219207,0.9541573553419387,0.965821207298301,0.815947283912039,0.8992501643450902,0.9350983910432378,0.8277999031113876,0.8865294731905938,0.8387423740424136,0.955763599809595,0.9886798623586441,0.8867830159060714,0.9043820331229142
20221007,223284,0.943946237430801,0.8016154850525632,0.7713778675380183,0.8872232555843212,0.8824622766354233,0.8463006376445441,0.846727096660583,0.8084952772626737,0.8956687413304016,0.9415050570168899,0.8824124497514423,0.8449891384091961
20221006,223786,0.9371785789905183,0.814183904599467,0.7855009706212364,0.9194335361638865,0.8634811675958196,0.9181939802169112,0.8362683722800258,0.827852255279059,0.9031551021913726,0.905787655492212,0.8589371630485685,0.8279464917390094
20221005,221522,0.9232887800941159,0.8272174647135528,0.7491060134181684,0.8938637451748411,0.8449671954891467,0.9073452888033295,0.806744325561583,0.8332728938726846,0.9207304185970075,0.8992872676978336,0.8588909651443135,0.8019725120478678
20221004,220938,0.8987498539796719,0.8249246356615492,0.7639675918928932,0.8919775862552425,0.8230459666600805,0.8618472277445437,0.8199621894760724,1.0,0.9329203387948155,0.8824893116927528,0.811283754982401,0.8216418959663359
20220930,215549,0.9663737694972045,0.9206021415248673,0.8772261386562696,0.977937659230094,0.9534156815907711,0.9985117558567733,0.8884285258783656,0.992749221580127,0.9806092447939418,0.9666485235667388,0.9079480904524178,0.9052895402073684
20220929,217093,0.9700197726615156,0.9919014125772099,0.8571536882348336,1.0,0.9431612134338323,0.9502215165644454,0.8657287856258117,0.9467526442484058,0.9845578619586894,0.9750642411339949,0.9153750157541323,0.9169793255545642
20220928,216929,0.9542500495410409,1.0000000000000002,0.8365781044272802,0.9923826261964951,0.9641504280002993,1.0,0.8831318713005573,0.9778851262387451,1.0,0.9355403639501787,0.8966255964841978,0.9249281911161882
20220927,222386,0.8913576674157095,0.8794144718903982,0.7183250945006991,0.9111242372572294,0.9019516867665933,0.9721789287528639,0.8190393711599623,0.9634459998556648,0.9480235312228853,0.8616209632921132,0.7576791212713982,0.7978083387847814
20220926,222094,0.8811235819142937,0.8593145881873381,0.7019312340063346,0.8937551403634617,0.8465142198320326,0.9198063437872275,0.8106983997248681,0.9751954957879898,0.9497150499535865,0.8297198724046886,0.7144770516493568,0.7778763733065275
20220923,229000,0.8103108335829206,0.8835159701476238,0.644824691601108,0.833754163773848,0.7893981178409724,0.9101142437858414,0.7481218568404228,0.9262333702392698,0.881786472222178,0.7937343989698704,0.6449372502712394,0.7051821898901212
20220922,233231,0.7931556660294989,0.823297024751507,0.6278033270132308,0.8387951319950556,0.7688078943375429,0.7442134505822398,0.7266079012343715,0.8894549833821157,0.8533143054581334,0.8173076478674786,0.6248521692599618,0.6696810230618544
20220921,234721,0.7694788444955318,0.7659029749752893,0.6252518387002481,0.8076486757127087,0.7306046685386152,0.6855556204438433,0.7004824255602894,0.8354994150584658,0.8229535948055127,0.7834754332057317,0.613325201908844,0.6684941071100221
20220920,236785,0.7619316236713887,0.7550291319243125,0.5936212817723032,0.7727669001559448,0.7915349667054818,0.6760528312878762,0.6911688368354595,0.8257794335702049,0.7908427421825963,0.7525095668934736,0.5845298919521658,0.6670081638806216
20220919,235566,0.759663637964102,0.7656879585966718,0.5940885081203284,0.7825043010298035,0.7997204182560451,0.6767627488071901,0.696479276661958,0.8252773131955271,0.7643846984387879,0.7540125504889545,0.5665927149185532,0.6608589625857197
20220916,238278,0.7145346985409369,0.8072846010447365,0.5878212768315192,0.732004855318065,0.7144754375739542,0.57842217346297,0.6447315955980745,0.7997456982197679,0.7305378835527383,0.6768492158050725,0.48211542158282095,0.5822525812874044
20220915,240183,0.6808551500274642,0.7957519437417717,0.5337277906522531,0.7047924737534742,0.6795335454030855,0.4839762839187829,0.6082429946480897,0.7834275159960822,0.7075341025105066,0.6131851180156846,0.4108343680885631,0.5495171358241242
20220914,241142,0.6455446570004169,0.7794342703472779,0.4951899039010632,0.6425185969669439,0.6557497374386361,0.4032649866483835,0.5491317991444186,0.7619612360243413,0.6513713493205397,0.5561414955683155,0.35724374726559915,0.4293776572470862
20220913,244954,0.6707643078904735,0.7358345058067968,0.48239481235183157,0.6445557804838044,0.6394510956616721,0.43141115290142373,0.5749290583495407,0.755901808518783,0.6522721571686476,0.5887641847874237,0.34810233872512253,0.4176943348446116
20220908,238428,0.7309073722446906,0.8038713148218,0.5641114907544431,0.7331416306753845,0.7511324329826721,0.569376329296496,0.6577837158178029,0.7986409386374556,0.6965296313496574,0.7068766859200535,0.501447443285445,0.5567423041343038
20220907,237646,0.7551856584282941,0.8060213863104895,0.57270551301957,0.7658618143661803,0.7879438790294353,0.6150958190714424,0.6605865716772098,0.8294956433471918,0.7111225850468905,0.7055463584214923,0.5295435842216056,0.5635275595012472
20220906,241002,0.7432057926886211,0.77122181685361,0.5814035031042186,0.7814188440629816,0.7541678796630347,0.6000676258227258,0.6499271743895464,0.776033916629538,0.7013297994214713,0.6895537148459672,0.5123888065921709,0.5345529468178496
20220905,240368,0.7739413051742583,0.7452688740495896,0.5806950459060847,0.790432056529539,0.7654140503230455,0.6385817549249633,0.6531687749634442,0.7782387153504393,0.7017723041359487,0.7066488251204515,0.5384276571261517,0.594879547667539
20220902,240941,0.7664521933497801,0.796431226916938,0.5803406029736022,0.7858271919723739,0.7684811657121191,0.661547348651089,0.6626010020800942,0.7884166369686483,0.729946788269751,0.6895175064138184,0.5220814540713525,0.5654783293493777
20220901,241561,0.7562429164578901,0.8174336572699323,0.6111760893951546,0.7895280748682784,0.7617488211972887,0.7394156077686467,0.6643603586711363,0.8002602248053237,0.7295384709220489,0.6887232588196721,0.5295210915082773,0.5744879124206661
20220831,247205,0.7389133437996431,0.7468986176212169,0.5524578317129445,0.7396269130985861,0.723909683283317,0.6142694538674291,0.6303853391474988,0.7740349493040646,0.6812750793267428,0.6576423978512649,0.4837348047325096,0.5064584839885087
20220830,245093,0.7437053744239395,0.719190697593513,0.5605926211709318,0.7641594840320486,0.7415242764225392,0.6482911810882404,0.632719590460792,0.7693465089696649,0.6869354439450543,0.6810621296283716,0.4701272331585078,0.567582182902183
20220829,242689,0.7533118738839446,0.7774668211018139,0.588841342532362,0.7735950831893835,0.7230463923982735,0.6978399630312206,0.6208494287183234,0.772173241086547,0.6611036351652488,0.6797802670290043,0.5150285728596313,0.6721384853488592
20220826,248103,0.7111376029540983,0.7498870537447664,0.5249112139841254,0.7427854179947161,0.660798117941944,0.6217278901388985,0.5924959366794674,0.7230737112003061,0.6171387430572597,0.6197515285630415,0.46195283017563415,0.5980242435605052
20220825,247726,0.7151168217610697,0.8149134586824613,0.5335953153503274,0.7464281989123641,0.6718028334988615,0.604174056362873,0.5960317403144618,0.7295934861694906,0.6381589090733555,0.6273723976555188,0.47022608508745556,0.5986150955587126
20220824,244745,0.7470298770169888,0.8595687265377945,0.5964709633407363,0.7910846421278096,0.7338384136828342,0.7570157224635392,0.6122604670309796,0.7418137588152496,0.6498773596518943,0.6441388335483629,0.5023913693416202,0.6782066543551046
20220823,243534,0.7356814679184327,0.845421013096938,0.574608059547689,0.7671307073076478,0.7186826017786596,0.671396558601475,0.572909848234325,0.71115995852075,0.6048256298834802,0.6127783771798776,0.4590772422908751,0.6727566031497871
20220822,246250,0.720941184158685,0.791117592416658,0.5534974232571201,0.7613316834263363,0.6856621475893707,0.6243915845503589,0.5470777469797944,0.7046194700403972,0.5802751397634698,0.5999212705837815,0.4427985973663868,0.6439787237348553
20220819,249269,0.7043513840439102,0.7160515443401156,0.5429485647329673,0.7547577418401595,0.6488877045652908,0.583453501626217,0.520218108493817,0.6971633338540839,0.5441788970770605,0.5985823113562505,0.42524611759950615,0.584183242514793
20220818,250805,0.6857503541891847,0.7025319902721603,0.5617103693289311,0.742961044823092,0.6377397536558909,0.5860017677432632,0.5235057085774747,0.679273245178357,0.5568718482881136,0.6100023063390605,0.42278829492788583,0.5756087985491938
20220817,251647,0.6890232012847628,0.6697994617203629,0.5463735217547729,0.7392432840424442,0.6326279213313475,0.6231665199016341,0.5185775880625437,0.6796176747580054,0.5686364512764357,0.6391845576255404,0.41857447242916734,0.5649786929264975
20220816,253352,0.6690663148112255,0.6656243326506686,0.5370045577920977,0.7205788862621757,0.621547208530093,0.6586719469902236,0.519216091613968,0.6612723012197383,0.5398526219269275,0.6146684923590566,0.3939084656824412,0.561379373455301
20220812,252794,0.6767151764549515,0.6818028887672578,0.5485656499712075,0.7313549469909991,0.6321056410479662,0.6532108314065432,0.5267870571403389,0.6739517425805521,0.5590017394234115,0.6309313173517748,0.436165793010312,0.5772218619246057
20220811,252378,0.6609841003551202,0.6482806529652243,0.5156907839477458,0.6798115378697048,0.6037184290351285,0.6979409573060154,0.5212823198454358,0.6788908129821778,0.5785439396161534,0.6230574999136287,0.4006473527768297,0.5613791300182016
20220810,248088,0.6691965017319115,0.694811394624195,0.5180973006905796,0.6898783031103036,0.6098366272797282,0.7575151823071602,0.5244111890497832,0.6778126938541134,0.5987076541364831,0.6290125708045262,0.449443683607726,0.5810877948356103
20220809,250346,0.6849914100558117,0.7044034174659062,0.5051410664872602,0.6673283915038405,0.6151007975675051,0.7366063318278013,0.5249217521917294,0.6825672836750809,0.5704914032478681,0.6264380980658404,0.4083455767596953,0.5266215166388863
20220808,249310,0.7084808400744165,0.663984681243238,0.5416941240511213,0.67660664256063,0.6380665387975402,0.798365145675743,0.5493205253477605,0.662278664980406,0.5764128205442687,0.6552148692016986,0.410229695822645,0.5284009174092197
20220805,249080,0.7144064783428778,0.6095011301010342,0.5342984834842011,0.6664506293881597,0.6217471205084517,0.73672433715392,0.5446208989678504,0.6134027543986729,0.5677411324114097,0.6819983197499602,0.3903644826294901,0.512261510320335
20220804,247311,0.7473880189624509,0.5539548004061554,0.5765287698498907,0.6293170340964488,0.5977484500913011,0.6659394013483957,0.5740820128586152,0.5795411180833268,0.5659927208032502,0.7571976658167554,0.402154426021883,0.5239542491174505
20220803,246145,0.7625376154254233,0.5910005433414034,0.58726454064349,0.6387217958742376,0.6191141649738865,0.7261559102930217,0.6106046337523762,0.584971840399076,0.5700862186383506,0.771122490134575,0.4153220442438692,0.5858409346868716
20220802,243962,0.775060331501547,0.6013498240295214,0.6053385740518413,0.6499378935329071,0.6463763364211599,0.7371393707089475,0.5302145929768453,0.5860772945516652,0.5566387129021519,0.7513277979672834,0.4005295051986266,0.6545960070115622
20220801,245225,0.744686384169811,0.6065486163205955,0.5968309327076418,0.6315244446552418,0.6202110424530085,0.7015080376434866,0.5284961117558166,0.5624897763024101,0.56360890869194,0.7122500618907355,0.37481169576759976,0.5962709676042883
20220729,245150,0.7485204284091183,0.6448464387097042,0.6402016856837804,0.6613093040632222,0.6866705828562436,0.771366278993201,0.5680452608710759,0.58184943107918,0.6254124428328893,0.7369265017709961,0.41509792669775747,0.6125030134292029
20220728,243527,0.7493236020605647,0.649092559536091,0.6767502081705719,0.6761527629765781,0.692928639576631,0.8618930902849784,0.5816912885267572,0.5685842606244276,0.6504939017390732,0.7150505143636565,0.48851585949765886,0.6176850408290284
20220727,241553,0.7465999749789753,0.6042689354554494,0.6660981114946549,0.6735915408116185,0.6891578513218573,0.8073515132056359,0.5659358548263959,0.5531244077706363,0.625930193160565,0.7242132496034468,0.46977346621749394,0.592681058241713
20220726,241296,0.7303653940405472,0.5494022549013335,0.6553131626650648,0.6690948071781101,0.6669634886608207,0.7281706854171333,0.5514642508909023,0.5558032561702493,0.6128812340265315,0.6777355117566812,0.48830418547439347,0.5910584738891527
20220725,240369,0.696562027802013,0.5193366588079278,0.6449147178551964,0.64315361174993,0.6566083419316286,0.6342185401827884,0.5491251086891614,0.5469182538325785,0.6813075449234434,0.6570178595101523,0.45795127612491315,0.5741850465918996
20220722,239314,0.7128387369718665,0.5406848424902839,0.678209458465006,0.6438922873212946,0.6541850918542114,0.5985398655260932,0.5274387250706917,0.5390090464559969,0.6605121412071819,0.6434016982576591,0.5359505181574562,0.5694989552628926
20220721,240916,0.7050887316067183,0.5398202154313965,0.6658989229790941,0.6382726512279006,0.6348943381170846,0.6328979365874976,0.5527073656140679,0.5347719640396025,0.6947977503663698,0.6396750847479873,0.5156653296862586,0.561869298303129
20220720,238685,0.6636997630423114,0.5515301253041276,0.6925711771095708,0.6262146041105979,0.6462395521475011,0.6248471105889548,0.5658058218421252,0.5237097170598568,0.6896160622440881,0.6441587358355465,0.5368045391759795,0.5626743884899255
20220719,237097,0.6674032228028266,0.5459149026060945,0.6440932333050846,0.6115534527966558,0.6134888550653161,0.5325977368183201,0.5441447706485821,0.5216193950759251,0.6951949154445394,0.6158471378345933,0.49940637674150734,0.665073945625533
20220718,237525,0.6402920680698065,0.47405984589697203,0.5749441797844446,0.5611265703988982,0.5576213831747654,0.42129263907281356,0.5040754160863091,0.497452723616114,0.6098856096871297,0.5758369328527642,0.48498436284310387,0.5979983568438612
20220715,233098,0.6571280946460012,0.4670815198082703,0.6134569515555259,0.5991657798842339,0.5903064341659516,0.45645453334199537,0.5436826397514777,0.5018119673750168,0.6214141778207287,0.5818479803595102,0.5276473251104115,0.6430312169053134
20220714,232232,0.621698958131806,0.37874386205931887,0.5381525035551971,0.5639888934633236,0.5291769043610361,0.3371659552456312,0.4942869949703975,0.4644538863263155,0.5373235835633303,0.5600875212117742,0.46872780338065345,0.5462493502576686
20220713,232861,0.688316420841288,0.4376224988671775,0.5731983679365107,0.57493967486758,0.5782613074033689,0.3790323781972904,0.5291412453048049,0.47716260680562855,0.5322652238245436,0.6071402093259981,0.557363501903422,0.6190341280356946
20220712,231776,0.6929665005862007,0.5111020532472663,0.6222653356326202,0.6361037140099414,0.621871601809781,0.41432013261466105,0.5569839630326768,0.48589749912421626,0.5488311468018905,0.6249844068722552,0.576945860965659,0.6801171788248186
20220711,234027,0.7074635702711312,0.5015448212244071,0.6508603304224037,0.6271501911104952,0.6265866669222289,0.45269967479656037,0.563207722077773,0.49118254790317345,0.5415518608816492,0.6057068402248671,0.6269470581435024,0.7434384604777855
20220708,235061,0.6880709708803059,0.4730334892897461,0.6524820231534492,0.623476373008042,0.6175994751389984,0.4856238732861766,0.5224860130757475,0.50445216432802,0.4916379304395586,0.5783267542874637,0.5904722170400674,0.7652030566963295
20220707,233427,0.6869223517668186,0.5462450908719387,0.6591293697781,0.6354427749841226,0.6187863446521988,0.5072587248209612,0.5045885849145956,0.5032584731527754,0.48418168818711815,0.5725407384900785,0.6224389587651897,0.8014692305844502
20220706,229201,0.7340435158209242,0.5391972926113637,0.7312783764527724,0.7160137211363767,0.6916200570294375,0.5788319711037211,0.5262628215269635,0.5222869789626676,0.5391526825004547,0.6465304226710069,0.6583294561233819,0.8561155635608046
20220705,234178,0.7096395195007283,0.5015275079386035,0.6651724335148892,0.6786972961798182,0.6688961020626665,0.5418227687699679,0.5321374263828723,0.5138937690905414,0.5206501985321867,0.5956244692532293,0.6521366005573821,0.7919323138102077
20220704,230034,0.7067393275142253,0.49279240380008194,0.7185811530217314,0.7006183190713843,0.6841622974233408,0.5188308365886605,0.5188577666479294,0.4775324029067775,0.5103893974813536,0.6059728261285764,0.6681866117010271,0.8045390015306602
20220701,230542,0.6761855373043943,0.5020420689401901,0.6777212604561449,0.6924542375028594,0.6595715254136056,0.4289535551316508,0.5066914447632945,0.47218521849761047,0.460390133656442,0.5447084724365643,0.6423170159339495,0.7895879564991684
20220630,233264,0.6491954554785879,0.4191252715097127,0.637100230653328,0.6645972176048695,0.6180185896545642,0.34845730064653235,0.504949243242169,0.4697255728600715,0.43787071396470933,0.5485550692636236,0.6122953431670357,0.7230688081279912
20220629,237799,0.651785896550626,0.43055087581905993,0.6182425793456514,0.6710986034711502,0.6150418044445556,0.39850394368303776,0.5029939751639586,0.44333512391963376,0.4380645598496866,0.5404262347356721,0.5801731411080135,0.7071511183808052
20220628,242209,0.6459143737512567,0.3986660784149474,0.5738170868164767,0.6423686082669932,0.5891126022760167,0.3918924615111501,0.5103026599871608,0.4301249430187138,0.44751346686584226,0.507047402379863,0.5676816066696082,0.6397713828709528
20220627,240192,0.6840580600893116,0.4138709388708848,0.6108777359821391,0.6610801738498587,0.6088961542384628,0.4076692360266363,0.5180951816044962,0.43003039328217224,0.45175196532744577,0.5259401868896552,0.5857779437472526,0.669271954931713
20220624,236660,0.7323998211385556,0.4604385191089846,0.6343395197379158,0.6826887073664275,0.6332977394773813,0.5272908715658149,0.5137092740999841,0.4381104473589453,0.46787130523690434,0.5596581119803852,0.6231469697797474,0.7250222515196834
20220623,231432,0.7406789958470215,0.5005312572221747,0.6576326829714663,0.6988845390970039,0.6432999691545911,0.5379414332532719,0.5112176397632734,0.4374452474612774,0.47497656383381637,0.5863798535504472,0.6379908212460195,0.7622475022664172
20220622,234281,0.7506223222062858,0.47145543448051974,0.6359321888318716,0.6857381121798461,0.6388066876854421,0.5569969885358121,0.4774604920328397,0.43513000193740686,0.46998416689861555,0.6053086869508684,0.6220518299827185,0.7260936985112378
20220621,240893,0.7033449538596914,0.3784993747462806,0.6016158655128343,0.619955565377455,0.5403041733526892,0.4138938183691425,0.4080392791137962,0.3942875239486043,0.34719911901316314,0.486202546582269,0.5271042397533208,0.6065368708826422
20220620,239103,0.7237170519399105,0.4149373342405216,0.6055793128867624,0.6630734957521943,0.5421795946754837,0.6177593823288645,0.4149383936166483,0.4073147293832507,0.4052033813071705,0.5228369278762253,0.5652473055526728,0.5882172553104903
20220617,244093,0.7374674867499647,0.4176770542748216,0.6127295454760324,0.6440818982890729,0.5328015146736138,0.6527293047813116,0.404662157764908,0.3996288834419885,0.39215434098924895,0.48784381834677437,0.5583827414352811,0.5188420257917739
20220616,245141,0.7363104523834703,0.3938384506042498,0.6437175107403663,0.6397199310117577,0.5322666766434785,0.7679189150006294,0.3971264757340963,0.40325973175217983,0.384768923418509,0.4913376975933452,0.5152212485768648,0.5026008095545071
20220615,244738,0.7807040438952568,0.44171983054918784,0.6326009207156857,0.6768217564832434,0.5425876579756592,0.7706334226088125,0.4138635025683769,0.4176814481042464,0.4054753684377681,0.5157303961874833,0.5558418582611329,0.5118408176493356
20220614,249297,0.7583085780006653,0.38482532131845515,0.6380071592912715,0.6326888125130624,0.4917138698338279,0.7768428078795093,0.3756508895661884,0.3703444131669738,0.32373459664606585,0.46991503986066574,0.47446605378434636,0.4670421345129738
20220613,250451,0.7481432631544533,0.35433991112244123,0.5973806046137857,0.5790366393955922,0.4409771069992643,0.7374724388279885,0.35762383498600847,0.34083599012457605,0.2707334725784569,0.439015661045449,0.48257471773761695,0.3510069704455496
20220610,259587,0.6806999438559795,0.31835504585261054,0.46867079842096504,0.5228939333254276,0.383903590172038,0.5280761868169717,0.3030922781005807,0.3178778848276477,0.19326257275906134,0.3583364260319688,0.39897614463073694,0.22772220508217877
20220609,262544,0.7229844514011647,0.3410642155468504,0.5073211583408537,0.5114831227189728,0.39903648508798284,0.563329965889821,0.28892876185685246,0.35520251578731515,0.1958340774081102,0.3436901209360894,0.4322804977381782,0.24301811533637263
20220608,262615,0.759424208716545,0.3294118064573319,0.5028275281839025,0.4896429130821459,0.44279560558062503,0.6442378364561594,0.2559573333745664,0.35079719819693717,0.14970839288492388,0.3217723236350032,0.4861294796164648,0.21561326918507762
20220607,262634,0.7681977139393132,0.34387245903553487,0.5365458404052343,0.4809246306257283,0.40666496696554333,0.6778856948150533,0.2093289762883488,0.3447517277587117,0.16521909790160327,0.29968806819509686,0.42759855601000263,0.18095329888996137
20220603,267065,0.7037927668534409,0.3260729286582855,0.47726851596947006,0.430108970884835,0.36008691717851216,0.5169184142968986,0.17601914907798455,0.32509136710431724,0.12977566239366078,0.24899287472288334,0.383899544299648,0.12123648231104234
20220602,265899,0.72029931890801,0.36246833864693606,0.4778389785498953,0.45111268542522953,0.3835515737518618,0.5556174990558689,0.19007407810619315,0.33462237703739467,0.1631587983377607,0.2872034396021883,0.44733892325573654,0.1613905985178148
20220531,268590,0.689633973147177,0.33811220171213807,0.45189698322537786,0.47917008931461347,0.38397946562593344,0.49058172278824186,0.21124067139936187,0.353586556192744,0.18320731880166607,0.2720971736720199,0.407477264600415,0.18613311808330257
20220530,266966,0.6936208266492898,0.38105264426346785,0.4770749019716116,0.49600691457109425,0.4108368460515548,0.5662395171871206,0.21279526072317556,0.36190041483248564,0.1827669895807733,0.2879302076923538,0.4336756186821522,0.19822181506452097
20220527,263805,0.6837507152672126,0.3873435365290585,0.4839033825917627,0.4990142598320645,0.4233803391549773,0.5944997535507004,0.2347970373698366,0.35710379104903506,0.19317749706358645,0.28549291091792917,0.44697346008635286,0.23568363952326843
20220526,261245,0.7261717085388308,0.3936551187926962,0.5319589736680344,0.514554120281847,0.45787350830042794,0.6817275783007632,0.2584017156976752,0.3615250339171165,0.21753028211202508,0.34388705151789556,0.4870662237213028,0.2590404880192496
20220525,261722,0.7333158707181484,0.40545671715201825,0.567960291581356,0.5182981263160505,0.4691498079762517,0.6578648505488207,0.2624729921791418,0.3717977293116977,0.23510182064124185,0.3607188930165599,0.4897298225229547,0.28460792410207914
20220524,260587,0.7391469190052824,0.39573543820282064,0.5901850218771099,0.5064873055974818,0.48873045481063637,0.7083497541940136,0.2817255491919546,0.3641323292818001,0.25357604602366735,0.3654333618074319,0.4871532728940764,0.32492466166907885
20220523,264738,0.730258375531246,0.36288819954807083,0.5636691721981313,0.4904966031061587,0.45126143396466656,0.627529630530975,0.2628461849678203,0.3465991813518368,0.24513825889322316,0.33331079958747667,0.45477434245951853,0.2849352636885669
20220520,263929,0.7450718646810133,0.3703805824925912,0.5700051582481858,0.4942643882167129,0.4705568581897175,0.6698160581231343,0.2520010304586462,0.34094049634214857,0.23534380233802255,0.35303212296315256,0.4256942031730291,0.3134662639205379
20220519,259234,0.7330501636215196,0.40630214057828473,0.6090258142630354,0.5210773859397185,0.5279082023379007,0.6077507346054332,0.28172628015880485,0.3628268773212398,0.28075775983422857,0.3918426390171532,0.4679576544640298,0.3556502549086744
20220518,262598,0.719070437672489,0.4105983940228284,0.5433525062216011,0.5152030881511555,0.4814070858772017,0.5574553305110501,0.27332706251074423,0.35713701850475804,0.2956064836394787,0.37692642947300614,0.4387542360573642,0.339073367726515
20220517,262044,0.7318321786732613,0.3915845714990036,0.5713653366817317,0.5216197952251534,0.5018216924366465,0.5678959420056597,0.27861997999418686,0.3654079293197113,0.35280561138059174,0.38416725492563275,0.4603614574987671,0.3292112142518966
20220516,259658,0.7441942529685894,0.39118515912886487,0.578355712577578,0.5389230173744032,0.5122232452398265,0.5676185627923904,0.30406502597642104,0.37122095625594626,0.3461574642917924,0.390589635672679,0.5136006854633384,0.3671167076696218
20220513,260424,0.724275888232546,0.3872856503764972,0.6046111395682288,0.5480622923142612,0.5300598905813734,0.5856483841348141,0.30981957306900987,0.38758134626331314,0.33992721587821895,0.3853891816507735,0.5200223262619468,0.42231753854238896
20220512,255008,0.7419041478351907,0.41681896122270956,0.6442432361321992,0.5678324904075073,0.5557749062621065,0.6347799821307012,0.3397501628749239,0.4089972398455281,0.39642691250683115,0.4446733021331728,0.5735030173674653,0.4822002368403182
20220511,259227,0.7134434671958483,0.3755606080731724,0.6488028972807436,0.5241876812899281,0.5310634613870704,0.6125333941064266,0.3066482540266787,0.37801721666610194,0.36018426169888684,0.4206460970209882,0.5237692860020551,0.4530158166377509
20220510,259656,0.6973061806269112,0.3544506756284951,0.6349391081244675,0.5175305386498957,0.5050714307068476,0.5199718420091752,0.2749784969625133,0.35753713474162224,0.3310887647838716,0.38036670166662345,0.4838233491845849,0.47920999566736366
20220509,261081,0.40552982242164176,0.3560168358729603,0.6169435275137196,0.5146672933984738,0.5023613192923724,0.5439718922289254,0.279187070048735,0.3448537725349196,0.3516044325804115,0.36279229650219924,0.47932569041615203,0.44688144308923317
20220506,264451,0.3849113043997256,0.31945911457525633,0.5837875858431336,0.5101543164789125,0.4952636270275421,0.5158730164350742,0.2688305365357345,0.3290658041335404,0.30446665527485717,0.36596189593709627,0.4713804663466443,0.4231974717231455
20220504,267757,0.3665966657117689,0.28628507467440745,0.5401948445021036,0.4784232343437721,0.4463400580708683,0.45526327365813435,0.2497475925044067,0.3102700945947355,0.26853668279431897,0.34499657800933115,0.4104948659303558,0.37466326584066945
20220503,268046,0.370652405197007,0.33008096482227267,0.5708993570364815,0.49541297072516854,0.46689859808146794,0.5031522241573492,0.2655814581623952,0.3134013055617813,0.31239421481599794,0.39329195602274614,0.4328074993101301,0.36933261816330676
20220502,268745,0.3557833586975641,0.3630399581059318,0.5878923738685451,0.4953562443422773,0.46699192175751447,0.5266654287475085,0.26541050768736374,0.30549281819570223,0.33578027789947407,0.3782930338313224,0.4398363921017481,0.37830867522955325
20220429,269505,0.3459124593128739,0.3519578706470414,0.5737952400675312,0.46683417570238295,0.4541668691259022,0.5675507042792121,0.24887874153627532,0.2968766040025674,0.31360353305922106,0.40388758934024316,0.41109634870707445,0.3247578339474666
20220428,266749,0.3517627171559195,0.36175921797579114,0.6094999830597188,0.47403950767009195,0.46865532692345546,0.6207542875543721,0.2741457824674436,0.29762630581379873,0.31047429021740713,0.41947359726178846,0.4804284599796742,0.36610481288435404
20220427,263906,0.3574010767405495,0.37744312639336974,0.6707718881887976,0.4927893210348696,0.4998734549544044,0.6588346481613336,0.2866918916317488,0.31126758921250214,0.34967313830612734,0.4782040807018648,0.500290907824477,0.4269079393008961
20220426,266831,0.33517950806307156,0.33211735480264304,0.649182155623454,0.46562633366620576,0.5080477720364867,0.5898411444567482,0.2854537545581938,0.3034146173629024,0.327439872480066,0.4607335739314675,0.4704039239262485,0.4600559527020107
20220425,265713,0.35127161373152677,0.34045450864926474,0.6473790330749944,0.48404341210677304,0.5534158815378276,0.6552863070778301,0.30049872154902957,0.30058946952249493,0.3405477431676447,0.4546936871690834,0.48302668445821295,0.462267645249983
20220422,270471,0.3345897199860835,0.30050534220619074,0.5822269440621985,0.44240148927979706,0.5251960441813559,0.6125290678318569,0.26766407126404024,0.26816263847672533,0.285596045557704,0.40669560339242294,0.4204654629525302,0.41181484215475894
20220421,272821,0.30593700049157396,0.28116526296237043,0.523214852223538,0.4092660507963747,0.47091638986430473,0.5252305775483719,0.2305677025311873,0.24264519478187702,0.23662238527091572,0.3694835525159703,0.391849185929666,0.415328042602082
20220420,271869,0.31313913246691266,0.31837258075100405,0.4820181050709167,0.4100870293675326,0.486419336146632,0.5513691702056405,0.23508556267191616,0.2516608119614025,0.2505773671994702,0.3986716630129441,0.3957662687605996,0.3968857401317125
20220419,271889,0.3067131435164328,0.3315776849473937,0.48441075271716105,0.39796423250937096,0.4637166785260638,0.5793799184805377,0.22634444000275977,0.2358175218410818,0.2575099692479901,0.4045078228859864,0.3800292968990471,0.386168471822983
20220418,269321,0.348856891885915,0.38544011140036405,0.5232525401104013,0.4157734256834441,0.5306650821691181,0.6134420481589444,0.2643403605560113,0.2511790484069532,0.28550409802198695,0.44211409471509855,0.46116924327976383,0.40704429621762417
20220415,269606,0.3414798673000233,0.3825866444711967,0.49847553440167935,0.43158351920978844,0.523808239205727,0.6079045016433793,0.26839023183306066,0.267142010301795,0.31762684703295596,0.41214833216604263,0.4581563579928418,0.3798317178130004
20220414,271671,0.3341830775250782,0.36105579680967503,0.4877954336322514,0.4088967455558946,0.511465842844361,0.6059768568184567,0.26647212421790734,0.25916452501900494,0.3036965395924871,0.40515399126036034,0.4619010316647798,0.3636659462839873
20220413,271649,0.31690024215838813,0.3461196868057439,0.47661384870378853,0.40436398388813954,0.4803306075688061,0.6145449386735415,0.2428426909867527,0.26686342283595194,0.32576822755513835,0.3804735620437931,0.4709569429156879,0.3016817534633094
20220412,266676,0.3361658590190824,0.34244143595221344,0.5137697854234053,0.42414203948431417,0.5240363242020176,0.6293649619374819,0.2448698499303682,0.27576726357074216,0.33306061775566764,0.40000942380613025,0.5133694374654283,0.35458942503083124
20220411,269310,0.31772445827824397,0.28763805505155116,0.4735470063517484,0.39347492118506555,0.4930210140011735,0.5824851273904805,0.22812704005207418,0.2532510862095955,0.31954306141207134,0.37069508457121825,0.4607227061592152,0.3141694218916049
20220408,270039,0.2990692283577297,0.28373164835795395,0.44241995161809267,0.3632604026231029,0.4401345999363906,0.5266147915696231,0.20492808947575447,0.24749868204831854,0.2706438863364029,0.35180080947426084,0.43224905533897706,0.2731389007953715
20220407,269586,0.28990533830891313,0.2838477234935721,0.42621885897148437,0.35357416174681167,0.4230253106918569,0.487834538212093,0.20403750621447192,0.24309780062468883,0.2787198327890026,0.34446504057196026,0.42421657536231683,0.33261114926012203
20220406,273503,0.2702012702851833,0.2579969983112307,0.35350019091251483,0.31220393919177003,0.38064424059338964,0.34703183753592226,0.2024798605458239,0.24510352229276217,0.24423120150581834,0.3160390348356521,0.41020964085905476,0.2936160685129967
20220405,275920,0.2457287744227749,0.22509409501054534,0.33700280784197667,0.2754871620001088,0.36222926917336995,0.25098938286275985,0.11433835834180128,0.21853654247034277,0.19434395482742173,0.2850300037309972,0.40340219649645537,0.25863962475615665
20220404,275790,0.2649852526572933,0.2215325205015024,0.3733315349298931,0.3060380212163508,0.4038918483669238,0.2963816331479796,0.13499904398021445,0.24884177985719586,0.24581051548535737,0.32784788752790095,0.44126305981624325,0.2945012628910866
20220401,273985,0.26194474055016576,0.21111347371603362,0.3893100742983828,0.3073097519801399,0.4168488763412159,0.31204843858126363,0.13638451157284837,0.23466977709886855,0.24881392337563546,0.3316634411814743,0.4855709115266782,0.3007391585650714
20220331,275765,0.25869052442179247,0.20468870545838458,0.39383169992449485,0.3182313765369421,0.4299489389194522,0.2833306317553461,0.1296034251726741,0.2325910029583203,0.2538592325209412,0.3115397534940365,0.42823961773352304,0.23176416685314383
20220330,274674,0.24586330707844134,0.24039437417564757,0.3997495064470098,0.32014252377288177,0.42701959825844504,0.24360388724981297,0.13121521733344332,0.24777140347839005,0.2828469974747234,0.30516795143148423,0.39541089719470257,0.24183893418967628
20220329,274107,0.23183313558102453,0.2355901246835883,0.3993020723145704,0.3060444977008451,0.4099999435765145,0.22953418115909674,0.11933860452960188,0.23615188736162812,0.25983279621164823,0.2680329607640495,0.37534765613394505,0.2013701285188758
20220328,272956,0.24997480862833604,0.2719773171481228,0.45094978926637097,0.35572370117890284,0.44108029774476676,0.3137726627873425,0.15830019608674706,0.2655338679275924,0.29333310402278,0.3126134232808444,0.40088818230339696,0.2626327988821169
20220325,272998,0.2470073148944198,0.30259065539410956,0.4603431537357896,0.3702157016126909,0.4312226663195007,0.33254626715397073,0.1645869526869621,0.2702661985632793,0.3027891261080162,0.3183028023718164,0.3973295154342744,0.2761840150353789
20220324,272966,0.25372885019589314,0.2860536962842968,0.4412660235253485,0.3704316459952134,0.3864791279982429,0.2983539679814964,0.15876735552001497,0.24943189626276313,0.24824580588694234,0.28951878511107587,0.37834433866467787,0.24557130731672894
20220323,273505,0.2622303564222475,0.32668229450325326,0.4493550362609644,0.37338324240498466,0.4008578636924873,0.3693217773864279,0.15891251767239412,0.2559675855202554,0.25054709000569275,0.29090371123484604,0.4387468084648334,0.23221419490232798
20220322,271000,0.26785208238178476,0.3520800950639358,0.4799939523425978,0.3859294643126926,0.41089739883855714,0.39480063507795293,0.16772801024138173,0.26708609677234013,0.2438778782133204,0.32228739688159447,0.4243302494204553,0.23058851812568326
20220321,268605,0.27971844549491737,0.36104601541037296,0.5072353435255068,0.41538862242654206,0.44903795214056363,0.43007471135085584,0.192698904501732,0.2699231503399923,0.2761937525326281,0.35551287609770976,0.4500108317804443,0.29104864036861766
20220318,270702,0.2798936424499671,0.3585553549571112,0.5058106020003159,0.4213399601835396,0.4780644393900839,0.4317643005505172,0.19478729611092338,0.2820329306247366,0.25530068968790864,0.35136483685293896,0.46245351902521836,0.2755997819055156
20220317,269451,0.28973492084243896,0.37294177019358377,0.5073201846880686,0.4295774166330547,0.4976465342111709,0.4949930751960814,0.22704739521751138,0.28949252789951624,0.2523838004033965,0.40110007502434564,0.46952184995818147,0.2687397428996028
20220316,265923,0.27943057277057043,0.3807036983387626,0.5173947476894865,0.43325425969989506,0.5125618742270366,0.5153818358431441,0.22421019620976412,0.29326810550829224,0.2565271752257745,0.4052904879084296,0.4847312114437585,0.3061472376618575
20220315,262153,0.29459739676089985,0.4163899133622495,0.541292376001741,0.4493066246791785,0.5396039125758394,0.5700790262098647,0.2579695211173938,0.3012982044460825,0.27647021804638783,0.44553679456177053,0.5273228552856186,0.34794426656285316
20220314,264565,0.2784443848047558,0.355725684115745,0.5081142659778981,0.4060598125663314,0.49883288602687625,0.5667668717203056,0.22396067544147158,0.2896783693452268,0.19835941533919899,0.4343438258007366,0.4894041155692985,0.2906515967674217
20220311,266128,0.2793240544775412,0.35839868556399157,0.48347252207401215,0.392811993062567,0.490515275557442,0.5015159575270394,0.23187408988967573,0.2976149025513562,0.21184175280708395,0.427610131763577,0.5018357875021291,0.2759984551396144
20220310,268032,0.26554432909862197,0.3321428162982385,0.4733505641920235,0.3935324263382408,0.49345041050350713,0.5208530262479751,0.22645949508013152,0.29612896685131535,0.21734232836336664,0.43522083020591973,0.47132354088842243,0.2424405246023329
20220308,262240,0.2918500783143025,0.353051114772323,0.47868927462904565,0.4100213203823463,0.5115472483511738,0.569167232355468,0.2362131122687361,0.3018946245095015,0.2461447633389664,0.4733876316748937,0.4850552660181222,0.28309867925302656
20220307,265131,0.24219645023918351,0.28358773727599207,0.4064510719234111,0.35338097473923236,0.4316831086640589,0.42151367352776026,0.20569115571198204,0.25823825135653616,0.20001382016283298,0.3844460424558951,0.40066542581171527,0.19750279497958978
20220304,271343,0.2250791816471513,0.23583980623411804,0.3297738283152525,0.32219342813618723,0.38751998087534556,0.3035307913722596,0.1757571598499239,0.23727724717326776,0.13896150378921313,0.3126008547725774,0.33265637465785725,0.1432746140853589
20220303,274708,0.20837521023731315,0.20493623775015424,0.2766091845889538,0.2900000868252234,0.3305019927516635,0.20840158415520227,0.1498483292133036,0.21110057400633614,0.11229209589463318,0.2849121453409762,0.2912448159576613,0.13532701319882667
20220302,270352,0.2077082802424713,0.2440127164028607,0.31831157815400357,0.311008394257663,0.36307497667912125,0.23202609240587568,0.1584723393931765,0.20813951029839356,0.16984177626815034,0.3115321148970531,0.31780775162901787,0.15991568907599785
20220228,269918,0.20884706093742095,0.2827963184100786,0.294045986786339,0.30404172671143026,0.3766646841444359,0.21949696721771517,0.16700540303088318,0.21289821314671703,0.1764671750311868,0.322277350740767,0.31971400025935104,0.17643569953418048
20220225,267676,0.19314917300453288,0.2749871180156582,0.24468881036207346,0.29619087573741554,0.3544517859333922,0.20636600662108417,0.16543881689081408,0.21207116195087677,0.18441915873471038,0.32345417411359545,0.31684318775436093,0.20398662099782516
20220224,264880,0.19824463544490206,0.30808439500350193,0.268969902521601,0.32966883993953366,0.3864919819188093,0.263918224939649,0.17192900787851018,0.236327699011959,0.22085842566731584,0.3808960465149698,0.364797881499753,0.22585491455533768
20220223,271953,0.14930436599360858,0.2579947046615887,0.16864522300207252,0.26353912185892125,0.2872362823545733,0.09027332168612068,0.12319302541584898,0.1995705696050704,0.12040426057490206,0.3118602288071606,0.2665094835047719,0.14677243970099596
20220222,270679,0.12877047879207165,0.2719818252621853,0.14724528149153193,0.2702494245711652,0.276632422848583,0.0331980135802703,0.1262626625111123,0.2148040519320213,0.11429107106258996,0.2942666189095682,0.24666671328718737,0.19223941796104516
20220221,274380,0.14993308428126145,0.2882839687874186,0.15601950353329785,0.28222743214469836,0.2846935343594368,0.07122346668710167,0.11373510572016299,0.23181831950777948,0.13201629254338543,0.28561691760306185,0.2507432691021889,0.17912104978196952
20220218,274452,0.1663555841129502,0.26866509987554577,0.1651846937990129,0.2697897582512979,0.29452155530258195,0.12741875123947022,0.13811258033933604,0.22006763714240224,0.17133730863096153,0.35606189172720426,0.2866186363653571,0.1976710888439892
20220217,274409,0.1798272807732198,0.28693764731236837,0.15170152934083547,0.26235583466650236,0.3156749083043011,0.21799028264056863,0.15915344409922783,0.2088780598564714,0.19327507181358072,0.37616392074384586,0.327918511994461,0.2052460675029466
20220216,272968,0.18605184079545672,0.2802163379475828,0.12778266504443025,0.24788391920922914,0.2805293217903375,0.28684035701780397,0.1629767134926121,0.18788751865443082,0.17517859737765962,0.3305914003014654,0.4085421825416935,0.18080687574953513
20220215,267654,0.20528489734238536,0.2961304499332693,0.13448150644848877,0.25193493016585655,0.2882660490846811,0.27000023584810995,0.14780360401359882,0.1605870595691981,0.1270294362658253,0.3872845527798685,0.45800547222323784,0.20661033564543718
20220214,270448,0.20420165510975813,0.2514206483823165,0.13201523046428032,0.22251950571591317,0.26632188018541125,0.28015917110602206,0.1286598712784245,0.1488818577328787,0.07241414150881953,0.366811274352588,0.4419809735181053,0.2551525072633489
20220211,274771,0.16072956622548312,0.24468048073785775,0.09919970768145259,0.19743390108267345,0.22304048674211652,0.13298969250512727,0.10466157397848475,0.1453525909016226,0.04871152014492042,0.316399958052471,0.36937398416302347,0.2545453936711821
20220210,277193,0.16717862249511012,0.29892344120530345,0.1133804113511736,0.22757541356344724,0.2483288147538978,0.10990164345296627,0.11429793696286539,0.15443688852853382,0.09386971263827282,0.3014037269873977,0.3618601222271507,0.22350151451143718
20220209,276885,0.1410571596116031,0.2963196641522732,0.0201620044260864,0.18950340288477852,0.17129840082015613,0.0,0.09862380293421336,0.1593496772054,0.06973012016802405,0.21374273217840933,0.27551673708223046,0.20648049886065944
20220208,274647,0.1661095948984324,0.35431187205974624,0.04017998362610742,0.21545385207595869,0.19519330312478433,0.04897902335443627,0.13113777253316616,0.17991732533415566,0.11952804296596264,0.24254128459319957,0.3299942249008563,0.23060527693397015
20220207,274506,0.16618782208478428,0.35150403954724974,0.05547583887352192,0.2042952338377012,0.20900378113580032,0.05964894605999316,0.13948988774767668,0.17753861659786846,0.11651480524272095,0.28489240109314284,0.3409655082542762,0.21797772395585246
20220204,275026,0.15422072987065077,0.3683349687649431,0.052613633791761316,0.18273031620120883,0.19852513549123563,0.04590972054290843,0.12117329558281797,0.16580599717059358,0.09646659833717952,0.2637601541881145,0.30174178509517935,0.22999164604062816
20220203,270782,0.15559968358037563,0.4023354404356474,0.04423982981724395,0.15629846646108114,0.20821708127833838,0.0284940495191619,0.12865227006317304,0.1650103916517212,0.11314969363195049,0.29749329021755955,0.34855462768495515,0.2871909479810433
20220128,266334,0.16448044876964424,0.4251339823000626,0.08102929059037423,0.170536742943046,0.23302809242715172,0.04715298519748945,0.1473447638223382,0.1889182884384551,0.13422657059696297,0.3359794098856832,0.35968551590370845,0.35622605802962104
20220127,261449,0.17119322041489532,0.4456274729088927,0.09340432975688384,0.1693666403760019,0.24658921531036082,0.13660844250707704,0.1760242874666731,0.19883527120568195,0.18096228571126605,0.3636852152724417,0.41878069479248037,0.39177227781987645
20220126,270924,0.13753632529645493,0.3627559495498185,0.04067339712435114,0.13078627056170578,0.19458266999588414,0.035187551593740984,0.12976412511832847,0.1663230432874428,0.16140851887779029,0.3050342945026152,0.3199093454277486,0.28495923309721993
20220125,272039,0.1566941857653888,0.33317862194083014,0.055175210113632245,0.18849812586167503,0.21646346793059634,0.09276024482746204,0.13450226886527583,0.17901900229418505,0.16369545944792763,0.3444755194217859,0.3503454381731417,0.24785589793708374
20220124,279200,0.1408025047176909,0.3053952180243127,0.026112049423072214,0.163172913417009,0.18807711527352988,0.06573059836191764,0.11608905760294153,0.15996729596055287,0.12478413843269176,0.3208237193011121,0.2955760605619062,0.25882921612593
20220121,283429,0.13551116232661015,0.2903552188462626,0.02024862098926672,0.17289887735091947,0.18562164154103922,0.04270390996733209,0.12192185688069967,0.16228901174215943,0.13113760546247422,0.29354464288126536,0.23766858620781228,0.18082619470777317
20220120,286268,0.12798332002943175,0.2566699451567278,0.017014008093705346,0.17781173664969963,0.1700397527218005,0.027376234068555494,0.1301289979753747,0.1683730806996479,0.13512982800338946,0.2859642495274608,0.253158380539658,0.15583246802881012
20220119,284228,0.134442899448533,0.2734019993537413,0.028385431789585747,0.18701401681732033,0.1725846121368826,0.07080725078116945,0.12837299526851764,0.16958321424807526,0.1401204282804378,0.2943308289003701,0.24867280187428875,0.16011386483292478
20220118,286424,0.13257939818637138,0.2686849643088882,0.022860725888000477,0.1766478497013575,0.17675220598754726,0.10164556297459182,0.12200818672676594,0.16217027524984257,0.11362330162436773,0.317921385954294,0.22600643999680647,0.15276577719452833
20220117,289010,0.1362759395396314,0.2547205725638624,0.017226383162041392,0.16721736023242662,0.16153934332390518,0.09632481823724293,0.12111060562862586,0.15516665270206237,0.1120538343049935,0.30395733653228674,0.23269785196760573,0.14280870937353596
20220114,292192,0.136064468705327,0.2599728990390222,0.0,0.159052748632581,0.15555538096847488,0.07036070764938529,0.12698398364757468,0.13692971536054827,0.08774897464815101,0.27991248278530567,0.2062282644666973,0.10576955412458133
20220113,296209,0.11880884942289621,0.25727506389972254,0.00022557330093997408,0.14823039437955343,0.13659374653415624,0.12696803323542705,0.13015642013245987,0.13319674605300474,0.10582615778405224,0.2614289811291124,0.18808230546149884,0.06998485081743766
20220112,297248,0.1276530274647792,0.24942279373785436,0.015260756818447074,0.17752372501454194,0.14114808725228922,0.21450504707323947,0.15070900991875058,0.13725340884552067,0.08469880419010001,0.26733654380398764,0.17791824798290268,0.05368655155848945
20220111,292738,0.14377861943822595,0.28194787654878817,0.042072451328352356,0.16744172420188763,0.1508242509169342,0.2650658694550736,0.172106211279485,0.14962338215133703,0.12267206094860339,0.31218848321856707,0.19760593526854286,0.058460674391919376
20220110,292672,0.14101878957810593,0.26318182295953463,0.015001196319660126,0.16182375305455332,0.1310620960654132,0.25251276627854,0.15600778891045597,0.14346674904838735,0.1055282972130458,0.3174232671376249,0.21228851916533875,0.06882788042076493
20220107,295489,0.13457244106567873,0.25504242328579285,0.01455922887856076,0.1666206039958421,0.1259630448197282,0.2429081337649892,0.15205871934210502,0.1588465764705425,0.11620465005034775,0.3205001871551725,0.19830074809440212,0.05616081988828059
20220106,292053,0.1392994536393976,0.283394327233391,0.03746163017587212,0.1955280079630134,0.14422652767225808,0.2522926862712054,0.15648435628522728,0.17990809122471424,0.13587163637380284,0.31528710760342293,0.23595940524492942,0.05755116014166539
20220105,295397,0.14318520744328483,0.31334379115337874,0.07571665442024367,0.21332112520294977,0.14856069233437297,0.2790709852102471,0.16199240917922675,0.16765645635949517,0.1372428600411868,0.28479349271443555,0.15076607820606114,0.0517333490989893
20220104,298924,0.14272952085636653,0.30980750687117475,0.10891516124916678,0.19050684220251946,0.1407630190585878,0.3620476907118837,0.1612941156785328,0.15731880437694173,0.11496690704341894,0.28222680476705997,0.1473529915182028,0.0782333370821564
20220103,298877,0.14716172231309504,0.3148857796830997,0.13136727936286263,0.20333034179714204,0.15042320672658094,0.3612806238682804,0.1619986348076653,0.17593586324770089,0.13938255970758706,0.27640145120892234,0.1786853151832104,0.18230614179106608
20211230,297765,0.17539766731863965,0.3062065063473982,0.14777764316204545,0.18449586066972856,0.1613289356214498,0.3842300738170028,0.1501014336181573,0.15871464673832641,0.13169340928468065,0.293800048209359,0.16479117130435395,0.1783823201974868
20211229,299329,0.17261685960687373,0.3127717121465321,0.18188014366532634,0.2207068734826495,0.18828562575532581,0.3883126357177322,0.15360422351265401,0.1742296526880081,0.1394610069198221,0.2952553856050084,0.14754031014663171,0.16880260791566126
20211228,302024,0.1873470083811128,0.30216180210107213,0.16820392729564682,0.21058399590840426,0.18106057241382634,0.3336645750943843,0.15087630906113725,0.15804008509897288,0.13547505449929842,0.2858066575077045,0.12246882160527939,0.12986458132731693
20211227,299955,0.17833908733661447,0.30699191733433007,0.1864593019662948,0.211760551961777,0.18721761209770027,0.35564077352817103,0.1575339807907401,0.15566026430864138,0.16552476238212943,0.2824320365885764,0.13236585545338153,0.16459644935849438
20211224,301243,0.16805097929929375,0.26403275432075746,0.198019080455492,0.21449983191915678,0.20761388996756636,0.3314966615880537,0.1525280373033272,0.15309543739719594,0.1550485166232587,0.2432030208100322,0.11553773280167468,0.15967790991725828
20211223,299817,0.16969022964076447,0.2593958117763724,0.18800876326049787,0.19502686226977473,0.20386862371949643,0.3899495288112895,0.15383822147454485,0.1464877556293605,0.15381493331871887,0.22131982396423133,0.15812142979805888,0.18753404974489918
20211222,298448,0.1661120468504425,0.2526451616585539,0.20289597299345852,0.19650464078543017,0.1959123998406218,0.39705733850765146,0.1445384595771475,0.1412360582548124,0.14973339603826674,0.2541128373649504,0.15620611356659975,0.20474113855652698
20211221,297503,0.16132379201088437,0.2305902740401904,0.18204488525931328,0.17321767022035006,0.1836370956860054,0.39410439182059465,0.14174212577582423,0.13687121989439216,0.12131600151925026,0.24856759470952072,0.15702113901048964,0.20553230156845936
20211220,296300,0.15953081507068917,0.19706865670090967,0.16075764746942522,0.15986008317470812,0.1682107517962701,0.48456383558548755,0.12515906825937528,0.12660002242891616,0.10222332291716452,0.2747348167959762,0.1110862211037782,0.16207386324308715
20211217,301773,0.1572720599857536,0.17524681952812804,0.1460253718438611,0.14079796181894588,0.1706832277732495,0.5362079666785085,0.10985171057328658,0.11391522319578312,0.08491817002581303,0.25253482604468713,0.10284790877227112,0.1989427626187421
20211216,300641,0.16617126601592164,0.2078622546997333,0.17324454200068962,0.15943464769531912,0.19270237535998924,0.5789006069273128,0.13225508711761114,0.12496933204894028,0.08641925106570048,0.2751720528108432,0.12948079210073526,0.19258950240971773
20211215,298939,0.1741510139791857,0.20451500307380122,0.18839769591044409,0.16158857648717473,0.1975497606568435,0.63950148487306,0.13373424653574695,0.12598320187378792,0.094495978492944,0.2971103728375939,0.11770876600563085,0.19601772091537972
20211214,298795,0.15416299499913427,0.1736911256066327,0.2188521758647306,0.12984444324338273,0.15572095621668236,0.6507778775944733,0.12393148108505359,0.1066171940626664,0.07283295824215275,0.25860798568512955,0.08520473786781424,0.1748412263918775
20211213,300166,0.15622113485118866,0.18725966182702325,0.24476402913957074,0.1555643951937249,0.15965247392349946,0.6030099419422155,0.12826133658643246,0.11856709942421545,0.07209529418661931,0.27722142173615305,0.09520957569336397,0.15595406472868145
20211210,301023,0.15762624722260216,0.18914635157759507,0.3657405049615461,0.1647797216992194,0.1793614428890573,0.6020410733654482,0.13235388225688138,0.12546430482324428,0.10304085624180792,0.28459569566335974,0.09711176466438376,0.13714552708733008
20211209,302957,0.13133879213031213,0.1567258839948913,0.29458335130128743,0.12566976362354942,0.11769217000706211,0.5071858492124246,0.10425907046448502,0.11126253044065698,0.05331507397767643,0.2364385765123309,0.0476507386257492,0.09384129138207875
20211208,300180,0.13999575662794012,0.17973511033632872,0.26655191432884506,0.1315562442420234,0.13713133310085324,0.5215761990214127,0.10789105529536414,0.10753791331769585,0.062332472923414706,0.2531774375230509,0.05451241772533866,0.11873431745403318
20211207,299172,0.1393820043566692,0.15187581405711836,0.27994662194501885,0.14428375634349222,0.14858990431400865,0.55398087362261,0.10783383138269886,0.11661102053947542,0.04835177580726113,0.2763708671254017,0.04979719666636506,0.11206818157174947
20211206,297325,0.14344375184854935,0.15938763254824928,0.32397768854556963,0.1472191267421068,0.14295618218199557,0.6149279115099278,0.11838208373956305,0.11800879833815275,0.04732906954033167,0.2911334319538257,0.07158443137135162,0.12149146884099071
20211203,296833,0.13751417353445522,0.14758695783928633,0.3151485645342924,0.12465408730066341,0.12885662460111957,0.5291148124177845,0.10692638796014353,0.11033630430725755,0.03591621118169641,0.2754142696785433,0.060306551337661274,0.08437259209108383
20211202,294527,0.13636591132673298,0.1783667368422015,0.30434774982410073,0.14227595738706378,0.15269849549457026,0.5426179467159575,0.12644688796027448,0.11832076875253256,0.07061370408101131,0.28197029191741274,0.09257203294468086,0.09673276495922956
20211201,289972,0.1568298520889661,0.24241634578290205,0.35012786112670535,0.20481572914947266,0.2397140248634022,0.48075265382524845,0.16689605658981144,0.14513659558430508,0.1514659977935766,0.30469588737881037,0.12627628583366146,0.16495512131837442
20211130,283901,0.14685646619679943,0.23608494300720184,0.38775325207671774,0.21084744012078038,0.24521617320698907,0.5130526455690725,0.17249108096915344,0.1400819463542668,0.1908045261746687,0.31511079023069377,0.1701385683846124,0.19008238648014242
20211129,290932,0.14221479208978177,0.16683699254022688,0.35133272289223494,0.18072181128504383,0.2145303367681486,0.4372246789463281,0.1521487743457769,0.12074188055377039,0.15697942159715184,0.26332805571513695,0.1266911638787791,0.12201696016709684
20211126,293644,0.1332425194419306,0.1409328508566785,0.2997986619937538,0.16287049682536292,0.19032511663225038,0.38338509608241367,0.1297644485340197,0.11269091339577536,0.12365024959417359,0.2443199521412327,0.11663862617703291,0.12047105511640366
20211125,298027,0.10784340932638475,0.11953298121362232,0.22593045706322568,0.14326033754769618,0.14850982382991806,0.2737637060668936,0.11264188075488113,0.08726414223172957,0.11317857958549804,0.20670514987159594,0.08756677306644156,0.09782890398394528
20211124,299429,0.12206357749007962,0.10107664985537124,0.25812746682639043,0.15900749568250572,0.16727519915553168,0.3344753026647176,0.10769198356682563,0.08661880518498483,0.14208214055089408,0.2206839239181062,0.101525880206216,0.14247501693479547
20211123,299733,0.11218206682263526,0.034435464227806634,0.2504306148219788,0.15144126132958913,0.15011408319308717,0.3517014674873744,0.11274595066594606,0.08042541603903736,0.11619567999141167,0.20876767268659635,0.08783104702989264,0.1326071914087703
20211122,301325,0.09947610526256295,0.027976469393123704,0.289483866617269,0.1293805657444449,0.1349174790629324,0.41990825610901084,0.1061239766536004,0.06456406279903759,0.1197223038007107,0.1980375229148088,0.07648243426462842,0.16803651441783707
20211119,297102,0.09223018106079389,0.023381502294336443,0.3596970778579349,0.13004885530439547,0.13241038288517948,0.3644831351945852,0.08519877755090965,0.057434167672907765,0.10429267169061296,0.19675507650222746,0.06739657963741608,0.18144811167353003
20211118,294738,0.06652529785469169,0.004764050470426273,0.30330944939277527,0.10668935918088618,0.08659994335767407,0.27474704557267504,0.058392725243265664,0.05612998820297693,0.0896902315069128,0.14579968385664488,0.03371104908713218,0.17982545755660384
20211117,296242,0.07256673275500886,0.0023142843752335107,0.2818476301343962,0.09764885304037862,0.056127945876254026,0.25829155742116194,0.06531389620499839,0.05795241173578769,0.067881340036267,0.15315704205075686,0.05653334767709772,0.2285105668775822
20211116,299721,0.04743717775887174,0.0,0.18490991117261912,0.06520771062793063,0.0,0.19348241982149572,0.032941865323409925,0.04129741740009979,0.014162263069271486,0.08792531569188511,0.0,0.1675228861215956
20211115,299952,0.04242915290440602,0.04830069007692428,0.17636849960112033,0.05952974348365858,0.01118605310905485,0.1979326488721882,0.03178158627490901,0.044865731022633915,0.015415317714553733,0.09961286427338423,0.018507674065026958,0.1621029138121819
20211112,296880,0.04022341823456682,0.05471085797761854,0.19282463866303967,0.0671815445572631,0.006313715303075895,0.19480520920117428,0.02442266183197095,0.05626373319087963,0.0,0.07690126305927758,0.028039704925854503,0.1410101768971801
20211111,292492,0.0663057539278103,0.08440882791004545,0.261813124397289,0.0948497423050011,0.07025800402660232,0.33411210885105014,0.05112728511604614,0.06213681345177319,0.044171646282975985,0.13889473515966833,0.0870595061165893,0.1580201596891695
20211110,293017,0.057393715816431434,0.06618392150178654,0.3110469909381277,0.08731236612303894,0.070427453272085,0.2864179883615434,0.057763757363236135,0.04224925614871128,0.07176752559679755,0.13411719052658477,0.0840390500714252,0.15115314198010665
20211109,296246,0.051252073808742804,0.056574438751443745,0.2837769636926928,0.07229362706076026,0.06357821922674134,0.3255779127583214,0.06460434112376012,0.04015948254924956,0.08338810598187507,0.13957064500617733,0.07744900562706092,0.12023068188860142
20211108,296020,0.04971642783479352,0.049139063899867885,0.2462928374375506,0.08161516472315344,0.09304285308512439,0.2694235640401881,0.06910004924297408,0.0294149511433367,0.09614868161181356,0.13190472357092786,0.10211779676513943,0.11667867672683796
20211105,296927,0.021065430202454383,0.027819726892570396,0.2523072853121495,0.04994973957882909,0.053520368421093645,0.19842189202609983,0.0512713508212328,0.011425356691691091,0.10209972377884213,0.08257905520622111,0.09361490287687291,0.07411397523561503
20211104,298322,0.030838004409698916,0.043518017456663616,0.24326299727738854,0.06153939896815297,0.06541762301726628,0.2376798126960975,0.03151517097019085,0.014492417246603329,0.11852366445493012,0.07723392452271649,0.08219906513451258,0.039864158432203034
20211103,297571,0.009666929897895915,0.03270750119466026,0.22553767299443317,0.04899080252126353,0.055514418625827844,0.10481716472099167,0.01137931658380209,0.0,0.1005298806888153,0.05302517812327534,0.04887993440811189,0.020080283056487236
20211102,301349,0.02759223548715123,0.03217219375268976,0.22458733360224636,0.06924783525433342,0.07054643313738485,0.17118193427766792,0.012499158052508896,0.011599397310724013,0.09990669083014825,0.04819870849766472,0.07971769486344504,0.050641036676266626
20211101,297894,0.018765174507737292,0.07023411528930334,0.242798160283348,0.08180850081077473,0.06916509583279207,0.131133452202016,0.020717949762956378,0.01143793492415951,0.11754935180400894,0.06179356713518391,0.09873424231132999,0.06789535170386074
20211029,297068,0.045378865593050544,0.10422600444201136,0.24343768488150874,0.11469703595454339,0.10227888808496988,0.18602673493827693,0.04284565934489848,0.03625861316340778,0.1220581314351783,0.0812715882504167,0.126830854240231,0.0864700990159113
20211028,300955,0.02238169887566238,0.07900143091993472,0.23555102268636796,0.08702668003381597,0.08613215351690484,0.18028196794890805,0.02961150223271891,0.029113267275405363,0.10180392390430293,0.062016549485795824,0.07621611641848669,0.04606788547713858
20211027,302549,0.02853948620151653,0.05840569746262991,0.20897338761600293,0.02515061504133176,0.08013399871089222,0.17246519367559632,0.0038185970216259024,0.020679314380323555,0.06573007889414528,0.04480814912281983,0.07871235829816348,0.024754844442440582
20211026,304908,0.0,0.06321016617469,0.15305688727759081,0.0,0.04518012495057411,0.12969317349311638,0.0026195329372799003,0.01877617725323566,0.11435922955877031,0.017663447008443356,0.08416934069670501,0.0
20211025,302054,0.020005819659042745,0.11354131685826996,0.18600236046906327,0.04444253899561179,0.05719935987668956,0.2024043055956799,0.0,0.026992922782599293,0.16579914849246546,0.0,0.114296257186008,0.02959122334999531
