날짜,KOSPI,의약품,전기전자,비금속광물,통신업,음식료품,종이목재,서비스업,전기가스업,운수장비,보험,의료정밀,섬유의복,금융업,증권,운수창고,유통업,철강금속,화학,건설업,기계
20221025,223876,0.8744884320751967,0.8501645888338443,0.9243550529254985,0.9580411251447966,0.9846638738138527,0.9116723075410054,0.8308426310685004,0.31452949914052586,0.9343133813300701,0.9595446834857158,0.9064481215075508,0.8705154484567497,0.9847151832362826,0.8916436960669268,0.9857415063203019,0.9949507156640018,0.9941165739500282,0.9999999999999999,0.9570710289459855,0.8322506587454703
20221024,223616,0.9078899191356691,0.8868482932558241,0.9260208675801684,0.9592016041707684,0.9852637575202685,0.9180945341086026,0.8509562374441106,0.3291466119684441,0.96529240465977,0.9587862790405661,0.9549298092736218,0.8698795334051961,0.9965796466753365,0.912775938223496,0.9999999999999998,0.994162417919241,0.9999999999999998,0.9739986163516484,0.9661722372659779,0.8370834718587234
20221021,221312,0.9482914669926974,0.9117435165362118,0.917450683446047,0.9706355612438843,0.9999999999999996,0.9408638139050685,0.8710570896928829,0.3327946902298953,0.9947388848886414,1.0,0.9452772906974731,0.8835709128847984,0.9943598771049742,0.9265522906868743,0.9741677772952044,0.9999999999999998,0.9893887350522974,0.9136590506352203,0.9654923639415668,0.8806121626516745
20221020,221809,0.9377157290774278,0.9121195560830551,0.8975372383953779,0.9651255704814704,0.9531219686364434,0.9123752922920589,0.8383459623343548,0.3287916726690818,0.9610316489580413,0.8673806160275683,0.9297937966009049,0.8924323007914994,0.9378026689568468,0.8902883388722324,0.9453638360065166,0.9277871523471666,0.8948716574262086,0.8925550963357335,0.9370252070940325,0.8301631434126184
20221019,223744,0.8526331214725842,0.8589568553966513,0.8839992119988458,0.9529452304852829,0.8958902025763051,0.8941419586181181,0.8220934482460778,0.30147538099354865,0.9179877696581955,0.7912238144021697,0.884227161052829,0.8758129914181132,0.8829196278481497,0.8477728238693926,0.8859305044806212,0.8823759193371672,0.8582610789783394,0.8630456082150318,0.9359531344421309,0.7875152824650766
20221018,224995,0.8526486750075855,0.8356927890730372,0.8676385807332525,0.9484968643701269,0.9117002796951512,0.8846271067547851,0.8396020477544641,0.26761994315909177,0.9149420282692962,0.8099791395051583,0.8628264180320904,0.8851411779049969,0.88008716635807,0.8396716024999024,0.8881515889131937,0.8932167715173811,0.8441863573859616,0.8666369061703109,0.9455102262204514,0.7651100043310302
20221017,221971,0.9006427451968599,0.8855086129141283,0.9163980584208566,0.9661194490766988,0.9490071205220043,0.9312756476967596,0.861520452459348,0.31037754788238336,0.952252793893746,0.8536357238243597,0.920952921748702,0.9060740686726243,0.9420821618387167,0.8772633422044883,0.9406614397832038,0.9211071873354479,0.8603478869967878,0.903902344246985,0.9882779425854055,0.879325165908329
20221014,221255,0.931658086044451,0.8876425742773066,0.9340701449759332,0.9667421245807603,0.9229374186663284,0.9548279146175926,0.8575252153720749,0.3041359121502749,0.9421579035794183,0.8435521039590128,0.9505295550406059,0.8837023206428738,0.9350790182151987,0.8665994069282349,0.9020487902129262,0.9286615479600642,0.851325904097908,0.8830696753197868,0.9691500099413263,0.8627330743962931
20221013,216287,0.9800717761677842,0.9749973201772766,0.9919623195603307,0.9953845841738708,0.9855569489500895,0.9507819211253055,0.8503858443325503,0.3457974930474068,1.0,0.8739426389547349,1.0,0.9399226984596414,1.0,0.9222808134760584,0.9549646383857577,0.9947501797044287,0.8987486871855259,0.9230564896410364,1.0,0.8458857275606184
20221012,220247,0.9477471996791891,0.9465822901475225,0.9456533021539659,0.9710205597706073,0.9054305672657161,0.8777857178612947,0.8341323098192304,0.3071397451594866,0.9709823151055641,0.7973149213641495,0.8689472698646998,0.9795207541667885,0.9445098882973522,0.8789414267571484,0.8996819406264971,0.9106520572761367,0.8231199967360914,0.8825393857944995,0.9495421751947642,0.7749969523699822
20221011,219207,0.8344214474706988,0.9338809793648217,0.9335141938476545,0.9776123569992657,0.9161698033427457,0.8977269057848285,0.8329570097479031,0.3210971549414592,0.9760377258429163,0.8294091631015212,0.8177990851706651,1.0,0.9446026926327034,0.9065197424062156,0.9228475472863458,0.9758914637297342,0.8288826574102164,0.8783294312038074,0.9725910416918567,0.8591504938218635
20221007,223284,0.8132616531208898,0.9087446006690574,0.8750651820732323,0.9562223005584803,0.8484721430917159,0.829187131143911,0.8320743309937866,0.2916273297958585,0.9050973342722219,0.7567329963696019,0.7590890391313998,0.990497222470617,0.8880347595922129,0.9109166967746013,0.8537073414010325,0.9027000483419261,0.8072070990589271,0.8434807708252853,0.942437015822683,0.8805328617033918
20221006,223786,0.800436431870778,0.9012343328835135,0.8268427990116463,0.9525738191679,0.7843398708048364,0.8080327836730832,0.8218582554532858,0.2695740262421744,0.8721227801584144,0.7497483703690944,0.7012064369753466,0.951604240139341,0.841500403883825,0.8644497368915013,0.8243577542916014,0.8655474627649398,0.7420010016799454,0.7962101838903789,0.9110443995561405,0.8341490509240441
20221005,221522,0.8137355923204661,0.9283337542812145,0.8387572160576329,0.9627834246981458,0.8271152960138761,0.810047114767352,0.9976745271182019,0.2622288037436522,0.871774066056088,0.7303470530950662,0.6867922886383435,0.96076776316916,0.8361185716310255,0.8752907130111759,0.8155990460167024,0.8426287183491412,0.7739090663076891,0.8201454460503744,0.896936887919139,0.813055251353874
20221004,220938,0.860633991697829,0.9302161791520367,0.8963153707604503,0.9706011367829414,0.844825475151453,0.8706513146652348,0.9594333291462063,0.2889525021196113,0.905887718727127,0.7794816051457318,0.8231680770123391,0.9497594473659143,0.916713960277284,0.9216781392482546,0.8601526391064473,0.8816696883574624,0.8406278002502019,0.8541337126025529,0.9332673855491337,0.8766246304166705
20220930,215549,1.0000000000000002,0.9996242054994078,1.0,0.9999999999999999,0.9556441499987938,0.9468486471518611,0.9580641396627794,0.3231960921627419,0.9841274967477016,0.8639009668666016,0.9339641638040383,0.9487759326616292,0.9804781848413753,0.9999999999999999,0.9752244254205398,0.9722614061161978,0.8933243988293975,0.8801094933845935,0.9826967519633926,0.92544879794852
20220929,217093,0.9902310072757101,0.9984179759972693,0.9623061004168849,0.9899413695068316,0.9389425525486215,0.8425625900699529,0.9782627203447196,0.2969580975233781,0.9277791664958563,0.8603003451644065,0.9531180433194231,0.9588851834908771,0.9831876414205869,0.9781497379933818,0.9309342674889132,0.9326477090970624,0.8535897152087013,0.8852822695516095,0.9553356343774201,0.9490701614816892
20220928,216929,0.9265729451228688,1.0000000000000002,0.9257299228668394,0.989089854434524,0.8865504603185164,0.8190829121738861,1.0000000000000002,0.28811478659062084,0.9100865052340303,0.7785337483105024,0.9450030293255254,0.9287624617656525,0.9798041396757236,0.9419573561111753,0.8795955368892281,0.8679691581164171,0.7868822857747648,0.8601051170136341,0.9277021539752645,1.0
20220927,222386,0.8503668025051458,0.9475999321676605,0.8769181188413198,0.9591432256771996,0.7862064374331625,0.7647432500454765,0.9747892141458729,0.23162776712821453,0.822909904109776,0.7032949802158819,0.8601469978530374,0.9114561615440226,0.8628091341906696,0.8793000440214475,0.7736598483161854,0.7520257788877565,0.7123700484854332,0.8129512733945193,0.8810529828842607,0.8716233617863063
20220926,222094,0.9434011353846754,0.9446092459677053,0.9207740851914816,0.9625881882192814,0.8062875705816333,0.8209333549588029,0.9699072221956513,0.21621758960682835,0.8539840899791904,0.7061805727831159,0.874069056162067,0.9103249033673535,0.8758530443530828,0.8729010252030588,0.8072649139679624,0.7603641024946286,0.7209098439215669,0.7965882843540474,0.851779233589511,0.9571584545129141
20220923,229000,0.8559539614606504,0.8909877587884656,0.8213907552514019,0.9259307841704173,0.7322347924647534,0.8476680083944932,0.9152899888717252,0.16029803171102674,0.8517072377038124,0.633400705470847,0.8215511858424938,0.8623188788868064,0.8270124561547698,0.8573145097612126,0.7695733400696974,0.7013964389062883,0.6764333463386925,0.757265760560892,0.817891079512885,0.7604315775300625
20220922,233231,0.773882382908208,0.8372186273273916,0.8107048155715284,0.9047995228748388,0.6961203995141951,0.8569806108133635,0.8449911510620725,0.1366167824738711,0.7932971739499486,0.591926487890233,0.7440305177122237,0.8514885005592809,0.7618745403947802,0.8063000423973586,0.6789939522111446,0.657411550152567,0.648653210957671,0.7146158318359531,0.7785032531560173,0.6711608697379918
20220921,234721,0.7679159123155699,0.8098075252250871,0.8183806747613995,0.8987197560706291,0.7015173186403989,0.8248164586940558,0.8382314580067627,0.11823170600030242,0.7675566805888101,0.599326212203219,0.7277838912844143,0.8485858001235169,0.8292811407938778,0.7752239163253561,0.6728867100520166,0.6296412304790449,0.6204355126653482,0.7085871596193744,0.7738518492271508,0.6686073359919078
20220920,236785,0.7503795647356004,0.7574704910077552,0.8904733351835694,0.888515761652026,0.6550288395331685,0.7711118166530353,0.8201899686994787,0.10989359757349226,0.7410560009156386,0.5483362907887588,0.7177398893192519,0.8093730559525704,0.8070241164782619,0.7628369830243799,0.6298987924469552,0.5688024383379091,0.5924560196448272,0.6950671942613694,0.7542428328100098,0.6316270645084678
20220919,235566,0.825522462676963,0.7546313946482206,0.8454940846404924,0.8938459379683029,0.6212206288258049,0.7326608986994052,0.8153099374159565,0.09897511718915042,0.6979509756250082,0.5098853936061354,0.7345527802218266,0.7921438175701626,0.7562377233912958,0.7385578507101321,0.5813925425481938,0.5156343273869999,0.619881784264144,0.6658306669532653,0.7289951994605713,0.5825206231511433
20220916,238278,0.8068081558437503,0.7252764327500423,0.7582212019921961,0.10293428109941041,0.5774605234869168,0.6987554117537078,0.7945206666593456,0.06393021968786683,0.6282152963561722,0.4858042009088961,0.6717554094808658,0.7744016405181186,0.7131193710209143,0.7058976502562159,0.5330965743328473,0.4369915192948748,0.5559769071741785,0.6249217336268645,0.6906295294014168,0.48327790193341036
20220915,240183,0.7824480322480192,0.6623039927553003,0.727910544304609,0.08530247518592918,0.44239981695809494,0.5929657365281127,0.7680948483728605,0.006331515850506841,0.5645631058765659,0.4202482221746482,0.6262179105453409,0.7545528373648147,0.6806157604354022,0.6377398344275559,0.47303946237485683,0.3604102246733947,0.5077899428149222,0.5612306183237387,0.6503083894348617,0.39653337238514164
20220914,241142,0.7627672729868136,0.6838796322966088,0.748415618696245,0.08301009828412007,0.46138068866249116,0.591342407340842,0.7760495689642273,0.01898534971241106,0.6184910133728581,0.43194920592887787,0.5963207893240092,0.7459178353475435,0.6880677786791405,0.6569202653921141,0.5289439562478997,0.3756430901418504,0.5171758448769441,0.6013470035160783,0.6893956668730498,0.4524402952688553
20220913,244954,0.7436557025465393,0.6521662979350169,0.6656672889322224,0.08013045757560092,0.4890026716400784,0.6385364749998725,0.7672205626230537,0.0,0.6529090743605546,0.4319152459914357,0.5739279022071799,0.7469500222456251,0.7118799092769188,0.6809656180505311,0.5807392633460402,0.435604700822678,0.5181986312843594,0.6288474742435225,0.6993978465729925,0.47468057449610734
20220908,238428,0.7938112523058856,0.7084615101353195,0.7576545245557051,0.09676657061269625,0.5606692220555911,0.7364941316491227,0.8267458338477867,0.06500363595769643,0.6974277643290572,0.5259500025905877,0.7293568021847583,0.8358525163605988,0.7992325731659582,0.7493262650630917,0.6561338845836235,0.51137304088932,0.5740914332402418,0.6622400001392587,0.7520713022021793,0.5785229918432351
20220907,237646,0.7948168603212105,0.7301151408000923,0.759876224594791,0.09608885371131318,0.5787856437497898,0.74382576392519,0.7944695447000392,0.08019493550824919,0.7156277079100812,0.5307603721416756,0.7753319488563792,0.8188212310351158,0.802537816952122,0.7923523844083423,0.681707914183183,0.5331905924871176,0.6184197364260602,0.6744242532252472,0.7613711827561843,0.6100930619004172
20220906,241002,0.7353703330119052,0.7004154212236127,0.7231321589407216,0.09161904991778488,0.5946190053292502,0.713298550599204,0.7764243562996458,0.06258272359050454,0.6997784809883787,0.5262933535186383,0.7424699188513748,0.7987461561495985,0.7778782099749053,0.7746904612529127,0.6806182739473592,0.5221375157634218,0.5836952527223505,0.6557828837253777,0.7716959922591694,0.602399672471615
20220905,240368,0.7959863599436037,0.7373601219486099,0.7311481762552909,0.09075987510168079,0.5784076671944605,0.7109902688456913,0.7927012298992044,0.07242831164138708,0.6927700826586327,0.5212869875139559,0.7592300573438218,0.8032462712084487,0.7918350421182798,0.7781097875563653,0.7066691685989406,0.5192482241352339,0.5934957735193229,0.6716770369581028,0.7704397314242218,0.6375425138886981
20220902,240941,0.8171475239320258,0.7373014572383136,0.7554799880560124,0.09362551454023829,0.5882202955900251,0.7045135842322985,0.8048108366575275,0.08053149762021183,0.6923573336487785,0.5185610691527014,0.7615790094341746,0.8077907934736412,0.7854047149376182,0.7820971709730627,0.7243618570462413,0.5343547283036554,0.6260522784888642,0.6736691283926423,0.7603774100105526,0.7119106998339157
20220901,241561,0.7889696329365583,0.7264511532052553,0.7403783100306982,0.09137373920566413,0.5746201747554984,0.6268939904770323,0.8035928721671768,0.061346598032162136,0.701569126204715,0.5144297782683682,0.7476253410113238,0.7946656743436173,0.7910335766088377,0.7645379554794659,0.7091845899806508,0.5275090763852452,0.6063455351257037,0.6667118018576098,0.7682722968413801,0.6481384957391123
20220831,247205,0.6980456587844237,0.6752327101198932,0.6736695507470012,0.08505755240876736,0.5501845874605293,0.5775957101785538,0.7604463760186131,0.03072344078335787,0.6633025214768744,0.4683813904791203,0.7163641522969115,0.7656827237858459,0.7410910395451067,0.7393756475604468,0.6769473076203034,0.4412421445474448,0.5509616308702252,0.6280242309974083,0.7341082220765892,0.5957494098973282
20220830,245093,0.752477857745532,0.6476862670852943,0.692476003818034,0.08835189928148598,0.6531028237011252,0.5979057824950225,0.7617261361718877,0.03245688897328902,0.659608628461275,0.47716625266864865,0.6890658662629132,0.7747552535504496,0.7198442549270521,0.7466707049807705,0.6895355864782202,0.47851621887778495,0.5775319872137328,0.6147833144469376,0.7421291588853444,0.6387839622926528
20220829,242689,0.789870791361236,0.6597471508669985,0.7097319759675726,0.09056991459727817,0.6679844081142639,0.631453019441794,0.750201437436065,0.0386652552909621,0.66155667182905,0.5038277738705232,0.7282013589294949,0.7881501339444156,0.7234076962151228,0.7661127246618608,0.6789115668156513,0.5022183874372692,0.5749274784870175,0.6270826210451473,0.7384123862053337,0.6525614270914089
20220826,248103,0.8061938954375114,0.6396171740117507,0.6672746567874748,0.09375910983872007,0.6015750783028304,0.5773993320975626,0.7291806553406388,0.017102696514816884,0.6243227254225494,0.47779843589849214,0.7688836498975054,0.7867141621961107,0.6855552447539273,0.7328172585839564,0.6849815722458639,0.4486910886753377,0.5370075913586061,0.600864879290201,0.7139936508522543,0.5728578585250319
20220825,247726,0.8279826847218266,0.6328067194689453,0.6877381141770607,0.10389776265620479,0.652839092143596,0.6168021866928339,0.7290409088438292,0.03566987017218204,0.6207681997345436,0.5231370354326987,0.7653119001359534,0.805147374517353,0.7259350796314319,0.7603212829375438,0.7536421040274399,0.4568395084999126,0.5808450499610462,0.6035627589298908,0.7331366401429605,0.688041197707042
20220824,244745,0.8290542702074746,0.6008710199887446,0.6763354171526412,0.1061244649479359,0.6677756507745376,0.6055003523036575,0.7068477300453424,0.02927735587698832,0.6036231401043979,0.5243444024492798,0.77315605095988,0.807475788511246,0.7257431170978546,0.747958326709928,0.7075287975522129,0.43282171056216545,0.5726920916028051,0.5738455287995897,0.7304804431848552,0.6271158860127786
20220823,243534,0.808653141647133,0.6037546770677693,0.6866122850234282,0.11127856137111611,0.6843795413743963,0.6405009269020496,0.7186439884984035,0.04314352305285496,0.6209640044371325,0.5392105356112515,0.7792743619841853,0.7978106343510459,0.7259512813687503,0.767461823195971,0.7333238220591445,0.4473640461448396,0.5830299598229887,0.5677975444998821,0.7350822683478525,0.6255569181859295
20220822,246250,0.7359529228822104,0.5694892440291792,0.6508112372576056,0.10899365335772168,0.6253191933267761,0.6011983353817785,0.7123529088278671,0.05181503831827361,0.6216905230728547,0.5188295629879112,0.7375369446347326,0.7890151155215346,0.6905304047020486,0.7625870278615355,0.729439683247455,0.4305574891565336,0.5741321296656767,0.5422637928981072,0.7195170470040188,0.5892877929305653
20220819,249269,0.7105217890234987,0.5720937935927879,0.632240635108273,0.10614769237055463,0.5993863039265741,0.5510670518559455,0.6874580351740249,0.045161919829785235,0.62164812122555,0.4947309257898902,0.6956582442157226,0.7722015496052707,0.6666998985503443,0.7412780453873392,0.6815393186529926,0.40918221580307157,0.581649538424992,0.538365511525985,0.693455354451031,0.5757807100811512
20220818,250805,0.6726339750194159,0.579119241564509,0.6360001268450048,0.10198711576394734,0.5805972419096399,0.5700018997091001,0.684685682215193,0.045050621471013574,0.6451311033603979,0.48677377930705434,0.6889786121663422,0.767031106164242,0.655801032191039,0.7332273486471051,0.6698217021065045,0.4024551938270029,0.5600019851471687,0.5301742538263777,0.6934861566412646,0.603724313743824
20220817,251647,0.6750641404769173,0.5561690031750717,0.6216215449649756,0.09938811581885296,0.586369296380147,0.5648139724171775,0.6700103897313907,0.05888215440535749,0.6274003077955705,0.49273321679369353,0.7279171504386723,0.7781862096534641,0.6514251921975922,0.7198431599090159,0.6591622369251591,0.3879439080331848,0.5569963449220563,0.5348211750196689,0.6772703725223869,0.6466025278679806
20220816,253352,0.6737522633079176,0.5603427221200126,0.6127013255409668,0.09778491617025456,0.5777086844323898,0.5803153943083852,0.6728477117218297,0.09293512901524092,0.6265193849750335,0.5026529486354432,0.7043659367243431,0.8227345660946269,0.6440014439590733,0.7168161707686705,0.6599043584242568,0.40899557661892927,0.5512009687725388,0.5317428363953313,0.674622857112604,0.6173506849803307
20220812,252794,0.641813693776647,0.5805552418259408,0.6164988851451976,0.08328166496133907,0.5630023688236938,0.6247933101270995,0.6783965301912165,0.035017033745440296,0.6198602698178586,0.3774203015175692,0.7204159665366143,0.8550160220037515,0.6164087108499889,0.6665535277172158,0.6929455086185585,0.37230531434982805,0.5181558422357451,0.5269707736088621,0.6594655241589972,0.661091148815617
20220811,252378,0.6577232168780993,0.5743976190395499,0.6249388376461185,0.08097010929309681,0.5403187876925872,0.657944002787672,0.6602749693128169,0.05043204189814787,0.5967528519334107,0.3608268976478093,0.7482741577056591,0.823893018654874,0.5918280237446307,0.6535634256479944,0.6544032291096775,0.3807721936629431,0.49051854763957237,0.5119499713114021,0.6500537508754566,0.6747180555544103
20220810,248088,0.7181359110484884,0.5905498824059443,0.65431234575277,0.08430775435734847,0.5567656012661542,0.7220300480799522,0.6940511398115972,0.07210212338070865,0.6434008269195921,0.4146227532010047,0.8023195584071781,0.8410978023113737,0.6495227028467649,0.6700147026835898,0.7379603717754415,0.3980474741422746,0.5281470729242976,0.5432417835106237,0.6961153516479287,0.7272495789285403
20220809,250346,0.6524989572832718,0.5742755254140526,0.6539260375608973,0.08013705835482368,0.5223221981050408,0.690057249634529,0.6590770346054113,0.06465935670859735,0.6465852527120199,0.44230426604834294,0.8641559086275765,0.8074405171456938,0.6460939037037696,0.6596778427298747,0.7047573329372614,0.3771472028883103,0.5402181125776799,0.5516277851095431,0.7042108187191364,0.7489245497204697
20220808,249310,0.6049673172694539,0.5710975372603748,0.6664682046320349,0.08676911550515873,0.5145591618891507,0.8076912296333942,0.6137486615900032,0.05448595756582608,0.6789737475468878,0.494155335887994,0.8149034966524109,0.8014776328204122,0.6361075810404841,0.6543678350862482,0.6994635449114333,0.3638943977817173,0.5389202060451019,0.5508603217939793,0.713993916455986,0.6997171197949141
20220805,249080,0.5390350527834646,0.559080933337631,0.6562128170555253,0.08371779932242493,0.509659498254678,0.7696194383092383,0.5736527939663119,0.04750017383261573,0.740235041845881,0.5029659172761192,0.7410160429606725,0.768688959458733,0.5994989614794484,0.60863797978141,0.768813052963339,0.36397314797365365,0.5703214694893177,0.5723516424900631,0.7395534626152448,0.6161820086065224
20220804,247311,0.5797307501438405,0.567084283007687,0.6465616082099597,0.08181148383826028,0.5795159486337562,0.7915704492182187,0.5814757318656902,0.062185775072201244,0.7586281029540163,0.5481004608264755,0.7800081610643206,0.8092481694898517,0.6258055348864344,0.6213655441965783,0.7907450819671362,0.38317131526834625,0.5862730196563894,0.6112015322168965,0.7576589620758089,0.6793074395258114
20220803,246145,0.5821801990284656,0.5469732678160593,0.6335435938548646,0.08498492264343763,0.6379426312430989,0.8035484526946672,0.5783456958792448,0.0698966594909729,0.7309770164703309,0.6429892969946724,0.7281414191132614,0.7731023037648619,0.6448242115903837,0.6264037267749739,0.776824255372291,0.36006729798129977,0.596462021977824,0.5272214674085755,0.7649784162607686,0.6781918370022506
20220802,243962,0.6134130013195453,0.5771578556726755,0.6074851575850047,0.08575016197482963,0.6179907942306699,0.8323655995134129,0.5689323596374465,0.0799735137424693,0.7206118636298819,0.6188393700313934,0.7787404386178731,0.7943155304243076,0.6468416128509524,0.6284781245651468,0.7626246027928223,0.3622756534911462,0.6164097761473595,0.5421611056897869,0.7519127096733133,0.6830488627897302
20220801,245225,0.6409761798677907,0.6291263784912766,0.6548787362726514,0.08511716418868706,0.6192626367085512,0.8195049437639468,0.5828384721711699,0.07693932592609865,0.7340243515326017,0.649984682897486,0.7829405551671806,0.7960625021698344,0.7031269843601997,0.6501705038443478,0.7633279372136126,0.38941080664265315,0.6503188203716628,0.574737935004933,0.7490454535606806,0.7341819897234543
20220729,245150,0.6331427702196788,0.6428743475255865,0.6645070527737316,0.08730101553402733,0.6067010875854493,0.8102861247205833,0.5632519588822509,0.09218270202579193,0.7001400422661641,0.6544374574431027,0.6804821600266884,0.8185856953603727,0.6962793342337346,0.655548332264477,0.7268331142459241,0.4390002032178659,0.6749042692718004,0.5804121673031787,0.7420801303923424,0.8016390945876348
20220728,243527,0.5864530399114254,0.61618811479261,0.640827169248384,0.08898611798113895,0.5769958921394926,0.8138626323504443,0.5464250028867569,0.12446241619169629,0.7061285801523298,0.6549764454613185,0.569010167859084,0.823263203808232,0.6893865356283202,0.6508220659645537,0.7269410610832907,0.4176895290040379,0.6607475052436584,0.5631347785325053,0.7375333393717037,0.7461840356052809
20220727,241553,0.545476733695569,0.6154433779013218,0.6522935656109492,0.08800508736346471,0.5950962336479173,0.8265304254953691,0.5560416736733305,0.1198610216037026,0.674523429269321,0.6583855169393158,0.5812037624618096,0.8022280434992015,0.6815977933972968,0.6567834570158281,0.7059692857518172,0.4416690187875705,0.6644437878324518,0.5574452754576519,0.7298651688346359,0.6912433077302662
20220726,241296,0.5109148242651826,0.6780809776216168,0.6315685608336263,0.09104974449266232,0.57002321205167,0.7916957306420627,0.5444426666223545,0.1230386017585332,0.6489133300812087,0.664276358277482,0.596545348301416,0.8108599749052473,0.6654155051232378,0.6270131291204871,0.659189972493323,0.40449751613955587,0.6478143707930546,0.5517924577178704,0.6926173262116423,0.5950600693822383
20220725,240369,0.5309113530315144,0.6566375068154706,0.641216520334094,0.09158461202902127,0.5637007961830567,0.8000404497924847,0.5360293267181792,0.1235373207912851,0.6345707497994231,0.7056411521662747,0.5930973103565944,0.8076942808793215,0.6618475249604638,0.6269500810618739,0.6564465537031123,0.46885136801750993,0.6811648038332028,0.5297998373296618,0.7082779319793403,0.5599968977214327
20220722,239314,0.5499664528709938,0.7102521350870146,0.6695864545751631,0.0954501808043425,0.5866509450527904,0.8300088329307536,0.5425281547652905,0.137256211621805,0.6519385487645655,0.6510084058037391,0.6737880046766249,0.8333780928192652,0.6648784869365478,0.6374089157781532,0.6701053365411556,0.4739360245156543,0.6918709895548989,0.5680391964445296,0.7136643582740713,0.6218369494721689
20220721,240916,0.5327588809953139,0.6765788791902954,0.6347388852933626,0.09573576880015375,0.543191733005457,0.8010316679655052,0.516134272724738,0.14393279565030292,0.6260554658208,0.6604631652999182,0.6266524616950213,0.8043898160780363,0.6438872292381084,0.6024846373261351,0.6609112853470236,0.45729727814626453,0.6855980083841844,0.5615983417139675,0.6534756477982001,0.5718574790771069
20220720,238685,0.5319687831479745,0.6867180612130968,0.6042517764696127,0.09448029482960854,0.6550032975666538,0.8219453522665909,0.5165498986299933,0.1587472332233395,0.6034260699658622,0.6563944003078235,0.6205530579737841,0.7720449392902831,0.6162392355401178,0.5917539681433152,0.623901994283979,0.433111714815382,0.6410753695060343,0.5435198206305644,0.6601621941016141,0.4920774248426074
20220719,237097,0.47619395583504476,0.61738667248188,0.5618561657860099,0.09118612195541978,0.6102925955095007,0.7884033280624472,0.5003997337210673,0.17053083087492982,0.5799478036392014,0.6218283647562073,0.6004330180192725,0.7616620936052917,0.5765026644947633,0.5535685112028751,0.5807017932507657,0.4293295621788975,0.5866962527314976,0.5139976172094386,0.6425493245515083,0.40827681737447374
20220718,237525,0.4340501815053981,0.5936453111014024,0.5279611633697918,0.09364271050372211,0.5982306464765772,0.7961851678151928,0.4856713728973179,0.20625688273498177,0.5482660757220459,0.6470249503651138,0.5893306093716095,0.7569995990391108,0.5691177908864422,0.5626755886111451,0.5780979420556733,0.42703708260801343,0.5846889855316826,0.528702784892468,0.636250872571256,0.39064428472010615
20220715,233098,0.372954338263334,0.536481298054966,0.4700880826357321,0.09252770228211424,0.5417630687954076,0.7409611565400298,0.4623787867617528,0.20413176391279664,0.554441008758727,0.608026075664093,0.5678698582900914,0.7356807744691269,0.5370108637647528,0.5488467329557883,0.6348036484415662,0.405308108263877,0.5373870483730516,0.4979619786581727,0.6177210528518381,0.3154049001101691
20220714,232232,0.44171334553937136,0.541980594318968,0.5287185415847535,0.09969827132364453,0.6345179182125014,0.8180364223137051,0.48088718059905244,0.22389799649704623,0.6123882473781797,0.6059666274555191,0.6927288766728426,0.7757053203322094,0.5992393592254239,0.5685638083130043,0.6738626849462983,0.5080209276644225,0.5867011916017291,0.5398788687515265,0.6920139115996943,0.370408531939193
20220713,232861,0.5013769580869192,0.546260049718831,0.5565493384802163,0.10202321654387411,0.6761413369019449,0.8604093881202375,0.4828834454365324,0.25702561536808877,0.6160781631215639,0.6989194415111188,0.9603606782938594,0.7827332803671655,0.6286983256910079,0.6188567756043349,0.6896083613598509,0.5173649414415056,0.6226404153214975,0.5585370617453841,0.6880533143221178,0.3858117858176402
20220712,231776,0.5172592013716173,0.562679132231495,0.5971656824952751,0.10559834268524423,0.7835043800631132,0.9497720946880612,0.5014180302147084,0.3070549977554311,0.6240194202846512,0.7311314913338878,0.8523348323028928,0.8055271632164372,0.662502562029887,0.6306137777591801,0.796259910596733,0.6050683347057537,0.682456863154149,0.5821587581685769,0.7196576665624966,0.45772519966290215
20220711,234027,0.47970032198292323,0.5044257720421077,0.5658890131541146,0.09954323593053158,0.7902988980940902,0.9013043938902277,0.5098623137468022,0.3021086645723623,0.5871897832039172,0.7200963647919889,0.8604247309265869,0.7898012661845464,0.6426545531024499,0.6193564522541583,0.7682514564165979,0.5610215357861199,0.6730290362519178,0.5352985029226435,0.6937656436169556,0.4758351313771767
20220708,235061,0.5317548123688618,0.4790094537500851,0.5324301200720643,0.09876219266104755,0.7933924852597212,0.8693905946614984,0.4980254521633086,0.2761541706789241,0.5606888109354538,0.7148566836914987,0.7619563323604379,0.8215416964138489,0.620971693920817,0.6148974925228136,0.7777103923423481,0.574546635408981,0.6559897875623675,0.5043494406470349,0.6793227179621631,0.4675063141035345
20220707,233427,0.5048277979907325,0.5147058182386992,0.5871156288937762,0.1037821602956546,0.814855682254374,0.9049425336691974,0.5062817251655072,0.2966680209479642,0.6115385796159403,0.7571559880840382,0.7514061756985533,0.8524995099434511,0.6709936968493464,0.6774014672264542,0.8376102385726549,0.5799646260960223,0.7061845219983327,0.5124421409355643,0.7128476987222409,0.5056580730885711
20220706,229201,0.5383439934373606,0.5612607900782713,0.6095738055417508,0.10735736390327502,0.8699934073224171,1.0,0.535715468782713,0.34749871516991404,0.6362655283652536,0.7875136779720147,0.8013930949587338,0.8719251949555575,0.7305718804486565,0.7001454176433529,0.8810504109060096,0.6635870290505415,0.722894215281521,0.5654085509392989,0.7361641505441657,0.5737500203028447
20220705,234178,0.46059047361867367,0.4874403191779204,0.5720526680391349,0.09634204596110449,0.7640263110007264,0.9333180373202734,0.46269285860432396,0.32630701344863766,0.5732407821980892,0.7229109196960906,0.7010298531331398,0.8662126801628092,0.6644214665944532,0.6629998011031223,0.8263905420399189,0.5862436228249177,0.6940965153549266,0.5057370786307803,0.686357350411437,0.450961443453767
20220704,230034,0.5045584778314212,0.469946275248047,0.5396702709862304,0.10103916371178398,0.8088283311232436,0.9737128948009328,0.47544212444829614,0.4101762537358371,0.5500891001740387,0.7231401475956565,0.6854732305768394,0.8882207580147419,0.6808379849509771,0.6848690945338481,0.8212578367145233,0.6087552799854559,0.6947058297220619,0.5170555988949511,0.6791962317452672,0.4165323200421094
20220701,230542,0.43867220981248,0.46239932211341106,0.5097875250094939,0.10048339139174675,0.7685211306794018,0.8971755198742937,0.4816345967168708,0.3486695236391195,0.5712051299214369,0.6870310368364465,0.6013058789853187,0.8495012447783774,0.6579512995801191,0.6712572379269889,0.8250270888246714,0.6017791810299842,0.6723698923956449,0.5264665528631366,0.6628283150047171,0.36315368830402095
20220630,233264,0.4629649804744371,0.4743398176507856,0.5511468132149395,0.10012726370005173,0.7742920600413514,0.8912652980762652,0.46160806629049467,0.3296683265839546,0.5768654522100145,0.683693938280804,0.6661831753653051,0.821554771270662,0.6702407977052514,0.6890739287691695,0.8087686585980227,0.592612839306659,0.6682957717676878,0.5333545435065562,0.6741143079972837,0.4296729158692929
20220629,237799,0.4294127325831305,0.4824757504065731,0.5309933950208798,0.09409555995752808,0.7011148698243028,0.8200516784126899,0.4473630637625823,0.2853414668626131,0.5419091799790556,0.6560449622641329,0.6111562910974562,0.7800461331613094,0.6416743937623881,0.6586796295307614,0.7903905198443326,0.5746622968526511,0.6193525653574949,0.5396717132348309,0.667081471576645,0.42111656721883195
20220628,242209,0.39976968890384934,0.44503383102011407,0.5115146134823598,0.08569489765540192,0.6544585358158543,0.7791116060075578,0.42409330024752445,0.27436473400622186,0.5128467516115836,0.6215566625130178,0.5771784973118028,0.7655075907757701,0.6082614293782616,0.6381687142598115,0.7634210017197727,0.5349998755421004,0.6032901082179787,0.5159877517398238,0.6748571410662184,0.3705747012090015
20220627,240192,0.4343742339352261,0.4508376945811785,0.536420410422715,0.08682131043223754,0.6925272418360229,0.7778608318172986,0.426557928911381,0.2953708552919574,0.5340543292508293,0.5974397555814974,0.5829820415625702,0.7551796192601605,0.6198514299248081,0.6499582000129595,0.7948658740099062,0.558983899251942,0.6142126079699162,0.5042360625972472,0.7153503705821794,0.46647987971042415
20220624,236660,0.4603677514919089,0.4461256940613685,0.5359630883033633,0.09229127607751417,0.7082148524276706,0.8041674750075392,0.4194783335785661,0.31797642830950545,0.5462643163622907,0.549938201363565,0.5542470826508334,0.7463025564825596,0.6147853212871248,0.6546921651349765,0.8055423066912188,0.5597870613789195,0.6225258073892908,0.49319560230006376,0.71453047489304,0.45742793768365386
20220623,231432,0.49177762304065764,0.49531439779467945,0.6084318110607023,0.09984887113644089,0.773149582738875,0.8909185913541631,0.44705447550988686,0.3737383453153862,0.628462366339217,0.6073169325833465,0.6421429679496775,0.8002094353600583,0.6802911654736064,0.6932576820903357,0.9065525100918046,0.6202712503283212,0.6721897960039456,0.4995552320945077,0.7667065296006105,0.5640813581678632
20220622,234281,0.4249880506258932,0.39547835154456545,0.5326219756560797,0.09140782260261929,0.6936163971934048,0.8237088467106335,0.41884704453181076,0.44127944794439466,0.5379713882255088,0.5462949722859314,0.5839234019914734,0.7680301772897649,0.6100068925314219,0.6498108702205924,0.8231754962641304,0.5571213433147346,0.6686567906544194,0.4470549790985451,0.7374033566726291,0.46605088888016777
20220621,240893,0.4023131021225821,0.40074626676367875,0.5221009819659821,0.08277715618237405,0.5743361724543821,0.8077553808434028,0.4023116203605731,0.29110937693898675,0.5114255326409356,0.4805718601276934,0.561719412366462,0.7682589017548073,0.5429472427332387,0.6414505383900192,0.7731083663617195,0.5065306508472911,0.5996642105735577,0.4158706503178399,0.7155095452190648,0.570054384460204
20220620,239103,0.4524102769619811,0.43019952923944316,0.5323225103689366,0.08908526947735299,0.5808345809470117,0.828479983341353,0.41822407460049504,0.34686250333215596,0.526785144001275,0.4917011278925507,0.6619999429888135,0.8246479834042354,0.5880257719087623,0.6637859640964948,0.794207326982207,0.5637934610808226,0.6653911070874392,0.435821858586516,0.7637419266532265,0.6786921640688606
20220617,244093,0.4010197432502933,0.3981144110676442,0.49736297495385906,0.08058992427027065,0.5187947271967452,0.80128743775628,0.4080815521088961,0.3350977759232856,0.5012770116998206,0.4033559732650318,0.6408252190613304,0.7720577520807469,0.555552364078902,0.6353834685341816,0.7338043607791798,0.4857637803950843,0.6636062856444835,0.4107550748593295,0.7423653189190976,0.7437413800237285
20220616,245141,0.4383711470074272,0.40973026288967507,0.5430883812259233,0.08165779539462495,0.5121620311421733,0.8350924876291472,0.4175237141693774,0.36144434439948725,0.5147718867654676,0.4122187554968135,0.8084551568974554,0.7754081005322929,0.5545614916277628,0.6635908290210982,0.7638041757123777,0.5133172421661569,0.6396250951249616,0.4210093717512896,0.7797283913832399,0.7297556244181891
20220615,244738,0.41564142088850353,0.3579471689360556,0.5359733853566895,0.08905072730128774,0.5204668932451355,0.8257627636115399,0.3865184132980982,0.37892887831520006,0.5049585330171689,0.4059702405002237,0.8217002657350521,0.7586677096481514,0.5412925040923793,0.6490049097994471,0.7981874480704299,0.48287158341785985,0.6875660211646208,0.40424403353514593,0.7823696736853839,0.7922972225822078
20220614,249297,0.36242676319203215,0.28534682959713575,0.46169079397899404,0.08104816090594927,0.3631356874025684,0.7464777263880995,0.3456264656513056,0.33288702026472916,0.4503101373698968,0.30927891812635,0.7125506860063329,0.7136442165164505,0.4632537847049156,0.5753071663407302,0.6646722664610902,0.44188779822739943,0.6158637843365227,0.37189640500193144,0.7547349802343956,0.7157385402514596
20220613,250451,0.37700125333097656,0.24969357368681888,0.3836454447710611,0.07859415134427503,0.3132548511960218,0.7312512892240899,0.3464454021641865,0.2812967687146912,0.4223926970765599,0.28586480277402737,0.7195041477015982,0.709947074635259,0.46168719617741405,0.561653174546818,0.6653737103878663,0.43381140549955854,0.5421802314174757,0.3483644862311984,0.7235681356055711,0.5982637813294658
20220610,259587,0.3600873392135455,0.21973755293051522,0.3759087489146413,0.07022665357078764,0.2681526232845486,0.6399558293566483,0.36538985946438796,0.21179891489209557,0.3672374552477653,0.27208778186682836,0.6270627410894738,0.6741601124352512,0.4326612616066621,0.5168095595305121,0.597603017358429,0.4122247816237061,0.5349052686739693,0.31010836441890777,0.7374486182772285,0.5677625609021866
20220609,262544,0.33079748662711883,0.15967455952701126,0.3764458242025148,0.067777058222146,0.21275274352984308,0.6222769953560787,0.35222428734401445,0.19178031961805053,0.32788549503206466,0.25293420337171524,0.6034175118260583,0.6518481681308025,0.4571073346472865,0.48043725450615804,0.5773447128534597,0.455030911543717,0.5085221074272763,0.26699280985538787,0.7607284327947538,0.6154837036212748
20220608,262615,0.3447499268274683,0.17476245928018996,0.35839564472828234,0.07693591493032051,0.1766381966943915,0.5917031191573145,0.34602106962364165,0.1860126846816066,0.3059103999324444,0.26215244327801424,0.5846218509526846,0.564012335974709,0.42012497059930265,0.4715188897193391,0.569499926066005,0.4011077701277712,0.5432289231212601,0.2207360880588658,0.7693108879489562,0.6467906896991602
20220607,262634,0.35381565221283195,0.1604446666161281,0.32622265613266266,0.0732447825049575,0.15425371980817815,0.5699530890218982,0.3390751848855551,0.16852777558571863,0.2815892062859553,0.2537543503024786,0.603291200804279,0.5515609891977064,0.4023352990543414,0.4418382416200973,0.5346287827729872,0.39561583498125485,0.5137987236950317,0.2018513521607136,0.7244135297120949,0.5373272347251845
20220603,267065,0.3559026123510469,0.16710278325436967,0.3218244034395352,0.06808000326074556,0.14603454180669306,0.5792152459835549,0.33248354669113234,0.13413541603386236,0.2867868755949834,0.2392072323742993,0.6298797179817894,0.5466215453999471,0.3888214693018748,0.4363127705887496,0.561691300315857,0.4312488435879598,0.4736029024602906,0.19794098372072932,0.7157793920747227,0.5196268213409456
20220602,265899,0.3551125544082505,0.20547650599301148,0.3748832450421087,0.06542571092619207,0.20596894960383327,0.5918182152690958,0.3627562216679019,0.12925288554154624,0.2942700194300589,0.2544993147012291,0.6651704677989474,0.5627652278469051,0.41497192893402346,0.48270856817528907,0.5721327076786775,0.4180832454679393,0.47416239415160844,0.23136674407209945,0.7020220068833122,0.49494404612278053
20220531,268590,0.3714020969937035,0.18424297269864143,0.3558619372018579,0.06604067998676502,0.1796986911511982,0.5798801652490799,0.3583177868681766,0.12282874377137865,0.28489128674298647,0.2742103623958845,0.6650742546838,0.5904944972392999,0.413323633289304,0.4785249585778327,0.6494952327209995,0.401821104863086,0.46958427972540595,0.218828685097204,0.6870790135174522,0.5252689589193222
20220530,266966,0.36803680013718565,0.18696138149430652,0.38950694419221454,0.06499792907825866,0.20384162986976495,0.6004750311074054,0.34897464733719175,0.12726872439691417,0.27354612147389723,0.28843862002954856,0.6175419030858245,0.5819285941003124,0.41544085223077487,0.47392265780176535,0.6851301923745481,0.42114764755044676,0.46547991221672946,0.23526104131942305,0.6704578528461979,0.5366442524409756
20220527,263805,0.37771827364084887,0.21357452776824282,0.40972244005476033,0.07152845624445267,0.2328335818759366,0.6320557200725814,0.3550409692808524,0.1566152798871765,0.3335693029609581,0.38246513102938695,0.6554487833028508,0.6167651800567834,0.4539364625687272,0.4920018846872406,0.7163740123788662,0.45791103267523403,0.5191226969010161,0.2602661875829346,0.7152153632697505,0.6239722886001866
20220526,261245,0.40842642593003253,0.24620507530263125,0.4592105562471638,0.07900999329773709,0.287576475569141,0.6604061353884001,0.374488842059885,0.17327883223542373,0.36861650790648115,0.44478010113111766,0.684868980813325,0.6214769819921795,0.4867187117647298,0.510973454013056,0.736260850013917,0.48297496251263694,0.5794568578600143,0.27486445620670963,0.7363414987853801,0.6325530882666492
20220525,261722,0.38862716003044007,0.2561457765052122,0.4753671001713691,0.07753293681728976,0.31349856204575755,0.6620428595530874,0.3618986772413185,0.1686226918996947,0.363226107625773,0.43247685106568934,0.7027543897327546,0.6344387728381637,0.49500374591947893,0.4911201887617652,0.788082382444445,0.4701401952733433,0.5900684530367599,0.2881316705189625,0.7346963340176048,0.6635732352338604
20220524,260587,0.3892209322166085,0.2751557459306857,0.5047946124570784,0.07916146273899358,0.3230401481906737,0.6618647885139919,0.3602201270516384,0.17852300711202518,0.3641796423087771,0.44943110017814614,0.7786014332687023,0.6335653369937994,0.49455755545603086,0.5016163176873888,0.7756620683470332,0.47739212928184727,0.6033373710420389,0.2882228637147777,0.7503503023863568,0.6412395594521771
20220523,264738,0.36580814129551986,0.23991209789027423,0.4737798699903881,0.07900759645518793,0.3049972354553012,0.621404217451055,0.3397893846742531,0.1501257835205161,0.35318346141629053,0.4783123608790616,0.6603715191336774,0.6055839004867605,0.4790520641831788,0.4806983483205015,0.7136831040442215,0.41441486467262956,0.5717421900106954,0.2600548557735973,0.7422031900491467,0.6307265086849436
20220520,263929,0.3766195569506965,0.2642976213534727,0.5085039411920773,0.07912954678856224,0.31046724199590203,0.6331882542973188,0.34990234091799555,0.13621601105726633,0.36678850025671905,0.4761195440093491,0.6755660172108517,0.5976618563468539,0.5086909736832348,0.4876768133965451,0.7690071365995095,0.42270357710441187,0.5819108117786527,0.2754923107095839,0.7122492608382024,0.5333533115288067
20220519,259234,0.43211237783983014,0.3217201613772578,0.5085996392589716,0.07673177535052447,0.3720658350982351,0.6656511715850826,0.3685987583468504,0.1545988723788123,0.40280292552963326,0.5067269190626817,0.7353236424626992,0.6028495074899679,0.5200612855094879,0.5226445310589095,0.8039558814275443,0.46717468845794063,0.5759835744932122,0.2959937572134884,0.7353690811019834,0.5662450850088692
20220518,262598,0.38822366603652947,0.3570651203963775,0.5037718372599522,0.07867870439429106,0.3235342173595588,0.6412489729983917,0.3649456600646471,0.1384903690330661,0.38518315695403094,0.5619618426262587,0.6867808363313594,0.6068504113609832,0.5124330663961736,0.5090478230978995,0.7833120207627842,0.4508510299455428,0.5750631570403162,0.28716213529820145,0.7300705463603386,0.5370546390870286
20220517,262044,0.3762927774444822,0.34037818807537934,0.48669021999326945,0.08246359966291975,0.3444068205259665,0.6461688319759848,0.3651274291604809,0.144214683595141,0.3799185350092149,0.5712770241857075,0.7042620063077325,0.6404392613526151,0.509623072607704,0.5167812407950886,0.7800391783699927,0.4896002952976388,0.5681512865699243,0.30552298211965667,0.7339072147979316,0.5186190280094651
20220516,259658,0.39231690948904063,0.3516534224999117,0.5382877953065048,0.09043620600641442,0.43236818918583353,0.6898989543307312,0.39122869821053785,0.16056850212358964,0.394707207787951,0.5816266159633625,0.7107320326735262,0.6414570059805972,0.550722375494191,0.5421189522366227,0.7804046181224125,0.5278677800805414,0.6199762558285193,0.3228193411116136,0.7285846040634133,0.5670452406450526
20220513,260424,0.3817732439874644,0.37211853127531325,0.5350480732104543,0.08709783821753528,0.4301528784813198,0.7077595830395005,0.3927372307685343,0.14759240960893982,0.4125562211909559,0.5471680577501865,0.6992217804875187,0.6216449020362442,0.5305658393488142,0.5291605436381773,0.7625022273662105,0.5232450060620131,0.6116093194442473,0.3288055459796819,0.7173190887645821,0.5504648553153721
20220512,255008,0.40292700548571503,0.3916101645512886,0.567626423157622,0.09566173582914231,0.5002290576555621,0.7445727097838901,0.39264869548659465,0.18419610009758602,0.45223484134831615,0.6454715586957072,0.7329592846226753,0.6320120956530437,0.5779042490983943,0.536437393435259,0.834355863008853,0.5597972268184763,0.6946368571281052,0.33278517740901714,0.7338971320079953,0.6284501260500672
20220511,259227,0.3577392514837183,0.34103356294654374,0.5202759462717594,0.08669838148175316,0.4875456384620267,0.6886558007110697,0.36006199880843115,0.13877473489763248,0.38764138068633347,0.6061429829275613,0.6720226367569597,0.6411126050921089,0.5228651125096337,0.5099829955524252,0.7862849958217344,0.484141219866401,0.6489312605893531,0.28708390106810144,0.6998418641523624,0.5014204033602065
20220510,259656,0.3654757133993709,0.3669205254345407,0.617562263496005,0.09505551536607679,0.4644397341292992,0.6526313978677569,0.3503318832641038,0.14859146582520744,0.37660040558410723,0.5749497108953756,0.7168908686182331,0.6389474333156245,0.5273791047378382,0.512202683777173,0.7764151934089869,0.4810072657863478,0.6380913847541476,0.294841249823928,0.4091710409151552,0.5340361321696769
20220509,261081,0.3409243452258739,0.3304968911931274,0.5296680184630054,0.10140648863733556,0.45949207517879564,0.6273304123982282,0.34010054880858787,0.1383835124459718,0.39179758739604154,0.5921981919558839,0.6825998937263047,0.6345230686849183,0.5341563437856813,0.5174733076754773,0.7486967601801051,0.4904940738183219,0.6184698017331935,0.2914294090051125,0.39472456890965435,0.5262188838348703
20220506,264451,0.3071459948588866,0.29395788285768765,0.4914519781083144,0.09413282454206248,0.4079017120547981,0.5964354627112876,0.32075346923971704,0.13832280036317535,0.3703167706556123,0.5421754417987157,0.6458718445339606,0.6257382150971385,0.4831878681227766,0.4850219217524071,0.731352643892053,0.42491471154801963,0.5717108216789588,0.2719615331011669,0.3757151477069345,0.4671241191085924
20220504,267757,0.33274315513455255,0.32170600421029105,0.4880601535573168,0.08690017862755003,0.37291399177381823,0.6102484200716112,0.31540787608705245,0.1253822330743668,0.3993873710444329,0.5091847529490106,0.6278528652883524,0.051993129116480435,0.4830449661217433,0.4872249607219953,0.7591395150782805,0.41947344457516533,0.5810145862453415,0.27725190457051674,0.370138417307347,0.48402115168050885
20220503,268046,0.36777198382056087,0.3470493294790593,0.506058329223984,0.08220102615914535,0.38610537076796536,0.6129693254952819,0.3086155902039195,0.13413703531143284,0.38716591088149044,0.5151319232153937,0.6278984430948418,0.05319087529365121,0.4859817546924974,0.48916034965492516,0.7322543940038606,0.42021795255318817,0.6018292991558447,0.27849432117944706,0.3564376994674441,0.5102019969489406
20220502,268745,0.3571651841758212,0.32537820123894456,0.5051278850427612,0.07804311430246899,0.3314654436418367,0.588353502187235,0.3001343254540437,0.13819780243360413,0.41270049908796613,0.47249935013191946,0.5712366539480862,0.054548972723189815,0.4733570346128455,0.4610334020478638,0.7291929479579704,0.394867431751581,0.5875654552866776,0.2623168590872753,0.34666164797027366,0.5495557175312733
20220429,269505,0.3457112269107385,0.3038371427201816,0.4957136910966373,0.07867991420999862,0.34049095015412023,0.5823026800094548,0.29135832551304297,0.11833407458019263,0.4061071842001114,0.4372528090947976,0.5587825336461276,0.05722762872093476,0.4637855824917003,0.45147607205567464,0.6979802584585084,0.4353162433193305,0.5979605964993839,0.27518495128229736,0.34171701608403493,0.5654639786422195
20220428,266749,0.36031951190486344,0.34156921530863094,0.515260189805377,0.08892764699464992,0.40122286655634953,0.6411226832156429,0.304543951689102,0.1411510507834517,0.46236992728969617,0.4548533049487591,0.5995665464622881,0.057530062095581924,0.4942824244263051,0.46935001960526523,0.7390568745595296,0.44374837554713875,0.660156720412951,0.28704682441979057,0.3469708996579757,0.5999636688736896
20220427,263906,0.35067083575238867,0.35089570296206585,0.5008929637349813,0.09310495635208263,0.4930018636706972,0.6717016472996207,0.3127666596277061,0.16248678165813213,0.482810100318092,0.47041147995958243,0.6411950765066372,0.05738187434002928,0.5438111973552846,0.4703447119611358,0.7520029031862008,0.47455927991424063,0.6835728905953891,0.30634544704764377,0.342554297539182,0.5923242401714703
20220426,266831,0.3345614451262646,0.3419715006560802,0.5068728588811215,0.09123885520119782,0.4544761376711439,0.6152460094930068,0.2987159472170803,0.14312681643169212,0.45064293194123506,0.46704838175591656,0.5941288390804651,0.05193177757481898,0.5605599885293784,0.46911073448995133,0.7409127463044476,0.4560482550809992,0.6496387891808,0.3067411359983123,0.34624091743405006,0.6139819717716368
20220425,265713,0.3297812604998813,0.31853661474066874,0.4824585342606802,0.09090829366658845,0.46074072164323976,0.640246439842731,0.2818900037456903,0.16161490056576922,0.44059627191593154,0.5142972220607929,0.5952938835461983,0.04930332470129292,0.5744724975804545,0.4555501586489855,0.7484630876593179,0.44531640494473135,0.6269707701646869,0.2948894113896363,0.3475061809963793,0.6320420161260967
20220422,270471,0.29615743253643334,0.25690338172525995,0.4481753410849554,0.07764388009942622,0.4402230235462472,0.5588470617336445,0.24968505859993273,0.12156965361248351,0.38841710421699216,0.44918107977147925,0.4514198047076392,0.02984742181483921,0.5013007579712501,0.41081974493295836,0.627221833270901,0.3781412106095676,0.5463142421004743,0.2493835454259009,0.3109254458053736,0.5243941586704692
20220421,272821,0.31397290889819307,0.25434037099729223,0.4502341981236748,0.07332067227536879,0.38936602139388965,0.5514668158614207,0.25045364667211767,0.09154953030411783,0.3970897703497194,0.399022822270499,0.4005066873193208,0.030960835058708364,0.49426376386974336,0.39680388369521313,0.7072677975925512,0.36194935748393164,0.4796207404956019,0.24300472662839068,0.3085886297792052,0.5178886819124124
20220420,271869,0.3326216847956831,0.26601664934424196,0.4732004687580975,0.06422612040941936,0.38763137608875553,0.5312384352094037,0.2370402297612627,0.09551188923014653,0.4087252435434028,0.38692269892754183,0.39814101201784813,0.03646380369541016,0.4779499038959696,0.389101667295651,0.701732402814869,0.3450289456457327,0.48897140872190303,0.23755093259326598,0.30494482233066345,0.5535925852522849
20220419,271889,0.37011834616646433,0.2804861540692878,0.49208959553934517,0.06486659660823649,0.3841925823460772,0.546926904043417,0.24590319142457462,0.1182914100848127,0.4294146747265837,0.42376532498099695,0.3867374781555164,0.036988841151521734,0.5274890204095932,0.39514273087010376,0.7372630261958679,0.4012779630901171,0.510660033098125,0.26631608411462926,0.3394699628865314,0.5606798631959484
20220418,269321,0.38456341211969836,0.32685499455824707,0.5275547761292927,0.07044467501349902,0.3836647477540591,0.5765842660632066,0.2690670619297023,0.1390953191695894,0.4178660189774581,0.44110550005648386,0.43966031122175586,0.045418455377456785,0.5407412413541828,0.4237222621504405,0.8026883975302861,0.4262484299859006,0.5055221995971464,0.2800106120431576,0.3407367771334221,0.5831766815946846
20220415,269606,0.3739906371018409,0.32234744295650986,0.5150059256884407,0.0690001514919529,0.38400280465721437,0.5655749344243253,0.26564234846597723,0.13378770291516462,0.4219919986192986,0.4070634429418589,0.4851262528812521,0.04631816248286286,0.5407920227012546,0.4091968344096403,0.8142591677804265,0.4425912490506583,0.5071457844144884,0.2842164668388508,0.3387557718240277,0.5987393664013387
20220414,271671,0.34672100521918514,0.33328641156314487,0.4953909494201718,0.06815517009162961,0.3003794823599084,0.5604007233147255,0.26799164518139973,0.10981973710649595,0.3848974957066713,0.3773256511559502,0.4804387219405668,0.04371191737673058,0.4944988987317054,0.39527220824472364,0.7582301369148612,0.4319746337722117,0.48056002873489256,0.2537143620006639,0.31507256027808317,0.5864556740559812
20220413,271649,0.31390993003229295,0.31434543008164106,0.48247442503644233,0.06953363514643249,0.30806922431688966,0.5503269741308467,0.2639937230436683,0.12817018349429699,0.37379608620210725,0.40443742980428676,0.47825395942094673,0.03937844776816565,0.5038440035058502,0.39245618559298723,0.7589027307960048,0.4283497245340493,0.48352902662302477,0.23925549710777616,0.31959641907307956,0.5520628598520023
20220412,266676,0.3044374968518637,0.34128704075904226,0.4784495233654167,0.07401461169827409,0.3383177741885368,0.6180858170571546,0.26120177620371654,0.17080500104568208,0.3915549558505578,0.43118124725567153,0.48773019711626997,0.03758855935603164,0.5261386813123563,0.3964252294490157,0.8162218274915036,0.4425472814511122,0.49645496875283324,0.2480049354504803,0.32383571433299774,0.5821368452294005
20220411,269310,0.28948008056854024,0.28261863876841975,0.40591685379141484,0.07264195305549012,0.2779476943130734,0.5565999906279431,0.2505165035541841,0.16104734656943664,0.36127498433019234,0.3780376860743111,0.4519390645959753,0.029946453017588665,0.45887417077629,0.35771055818399133,0.7832550618720606,0.4087136012270396,0.45023113454649977,0.21866296533928187,0.29930178848256683,0.5104077130036346
20220408,270039,0.2828280612102583,0.28456951872138814,0.39983975142672556,0.07607907088505775,0.3281197103591529,0.558967009920674,0.24314109364451209,0.1675036209286478,0.3470200331243527,0.3394340278482173,0.46133302767978934,0.030287146650492175,0.4335304552398671,0.34296604705843936,0.7339323749365148,0.38980075919127866,0.4251378225037499,0.2139974251609097,0.2866858798669082,0.46255984496643343
20220407,269586,0.28196848732968127,0.27235926816885714,0.3696724274821226,0.07546113164345239,0.3286080564316065,0.6071054319604476,0.25612214283289425,0.16835358161426117,0.3447612454882123,0.2927816477341234,0.49722518768402413,0.032972746270624576,0.41937092715945457,0.3201098973509665,0.7895209365642624,0.42966638586000117,0.37862676136707196,0.2264206517827787,0.27903119347688776,0.36829421572562593
20220406,273503,0.24058111713783337,0.21493335356910004,0.32724765079537543,0.07419797855704732,0.2781035825087468,0.5430707857107913,0.22545484320842768,0.16852319208917943,0.30509690523757804,0.2996791523237574,0.4535146784905981,0.026962356233463908,0.39045647681714235,0.27693058984746977,0.7492842008524117,0.4103142973373368,0.35110718865011625,0.1336575178322471,0.24992685396508918,0.26302688464769775
20220405,275920,0.22324242771909408,0.2537142400433483,0.3531789364897533,0.07652709375508429,0.2920224583946287,0.5154151280705959,0.24969917584375667,0.1873848560573088,0.3326671457540924,0.3098573091707417,0.4626635361877405,0.028692968084374493,0.416338493473533,0.29716818329743633,0.7483333942488632,0.43671744479010255,0.372377785245011,0.14685534166888936,0.26255116167501713,0.2845580137797663
20220404,275790,0.20403032014410072,0.24847363585275284,0.33321560019987806,0.06859532660725834,0.28320650682997917,0.5280063867140532,0.23147808910809864,0.18760640329476264,0.32673057248397597,0.31970831326499094,0.46360614644041975,0.03462988373898418,0.4184780973685578,0.29165045718938687,0.7247801645082548,0.4664784209131583,0.37788979476563167,0.14338887047682747,0.25499513166460097,0.2850630757283059
20220401,273985,0.21684299436277987,0.27111992221538506,0.35173289588303125,0.07346077411366905,0.24452833862081835,0.5171922252163572,0.2380826187947339,0.24582694356248402,0.32764412561771117,0.3185015484766067,0.5122903724930277,0.03470498226708102,0.4554285183373201,0.31712962651013077,0.7537719618923535,0.4394566112207092,0.4064787609145828,0.14702644336881365,0.26135816079606555,0.2884439748743657
20220331,275765,0.23661222235310198,0.28548672064276226,0.3355006483126244,0.06584952433352817,0.2293819354991573,0.5086037568898258,0.24625896989439067,0.2411908041141002,0.30497136426833893,0.32212318965816356,0.49964063905936795,0.04293585915006262,0.43342664008927767,0.3072378715610148,0.7517391658515653,0.3934144912659916,0.39344538077186963,0.14036197876566614,0.24079554027947625,0.22666396013710077
20220330,274674,0.23472137273295735,0.2654007700357712,0.36588526086354434,0.06419165006437291,0.19249163570017647,0.4901190903584798,0.2359458256737217,0.28783656040643857,0.27159050815939056,0.30243729165974886,0.5054080356628075,0.03464062058194403,0.4196553815629771,0.29539811465889854,0.6878534931022082,0.3639458892827687,0.3964617112164548,0.13014762702124305,0.22807850655152484,0.2177155207567556
20220329,274107,0.26727489670558446,0.29547422104206555,0.43686547228516925,0.06543394326720617,0.2500756163052902,0.4964538012696331,0.26378814761293623,0.3279761244268746,0.31186251607441795,0.3147523790845983,0.5445393652925921,0.03821373612096601,0.44717478821940726,0.3421615585208123,0.74109278469268,0.37760484286603124,0.44605798168217325,0.16681953857866716,0.24473914552660925,0.2922142265164789
20220328,272956,0.3041481171827667,0.3108992590344364,0.4213890784982146,0.06571674186838014,0.27475105625066654,0.5002884499321554,0.271560369223655,0.32761005105100094,0.3242975446189156,0.33623930846629224,0.5369586346527666,0.03629744825322051,0.44516316377218,0.36162896292169966,0.7449751267947133,0.39140839452156473,0.46407571749276255,0.17659158402354858,0.24492426379085996,0.3202413172529788
20220325,272998,0.2874122404204271,0.2565989677126139,0.3711448512674731,0.06266624845905269,0.24261012127053094,0.4778873412636848,0.25053049826748297,0.28638535602006954,0.2956416281906582,0.3189069285104904,0.519115435392631,0.04006314776590547,0.399329320161641,0.3615238822250081,0.7482982989780818,0.37300734878503694,0.44370900426142623,0.1706187146969581,0.2514898057892372,0.2872524334839466
20220324,272966,0.3308061727316898,0.2617046195521284,0.41511814554047577,0.06566519955494513,0.23397628434226192,0.4730430674267079,0.2585074246486836,0.28232533695091266,0.3002490007299261,0.33298908875243316,0.5251985386792857,0.039109613074473415,0.41764914695506206,0.3669281942002317,0.7672082755497607,0.42655510190997536,0.45608272115139226,0.17247382299642178,0.2615926022582937,0.3594277530073593
20220323,273505,0.33797906646311815,0.24010527934408543,0.4060685148391372,0.0674732913620564,0.20519448530171358,0.4532331880160263,0.26186583528736174,0.3276720171183354,0.31345404450735903,0.3130547932271117,0.5141377881088949,0.03787915726588684,0.40777388469881704,0.36611759977181724,0.7662831251320485,0.38737776786839384,0.4666172621441895,0.17199411352417826,0.2589485307405621,0.3564774970261504
20220322,271000,0.3472635652238012,0.2722054984837414,0.3948849135719745,0.07344540454968843,0.26758431192359566,0.4922089007055166,0.26490349594100837,0.37143178143513644,0.34626189622820425,0.370043508503727,0.5389824493500943,0.04288330015460409,0.44666454002404454,0.39550736488960825,0.8257394997511212,0.41873102221233505,0.4953341519568424,0.19671484014297358,0.2710224531686234,0.39033675463533957
20220321,268605,0.37174376082976157,0.27433359233957044,0.4502472557818751,0.07525080798463882,0.2931378995491114,0.5171396663113561,0.28879976459555035,0.404226653639419,0.3690706100926149,0.37370184390589833,0.5818345686037198,0.0455773243931058,0.5069586937516299,0.4218341725935518,0.8113645108607324,0.4746562162101695,0.5263254087878779,0.21297005453223916,0.28382484515645723,0.43302227843795116
20220318,270702,0.3657734428607329,0.25458642405385623,0.41641766464465246,0.07323136285539536,0.2552830177212564,0.5057325722134509,0.28735012244573577,0.38547596275749507,0.3975827746667979,0.3526041567417877,0.6190279405661432,0.04734864941879416,0.5034623123794779,0.4146970043092423,0.8312650688114906,0.4592118208578817,0.5036510761191777,0.23408776125243225,0.28425221014068447,0.4618757712760906
20220317,269451,0.3595105939895862,0.24714944545373685,0.4545811464007077,0.07095089992387973,0.27227748706067967,0.44925375530741674,0.28496292773645193,0.399692599089281,0.3875637194878103,0.345041858574322,0.6426501281391093,0.04874306488117519,0.5023633561896921,0.4078149020546601,0.8024769619460652,0.44277396257524804,0.49746260524808394,0.2238183111678157,0.2675087413200914,0.45948573778702073
20220316,265923,0.392441211559019,0.2651142046674173,0.46888745506777973,0.07666826132803847,0.31191557595653574,0.4926560661484616,0.2920957655473151,0.41698528631756604,0.4246720207237833,0.3680065352864037,0.6583752500074,0.05093063548205168,0.527315035446227,0.4221897722926652,0.8584997363606168,0.5156069843860733,0.5198531862497482,0.2557454234422093,0.28173115249727776,0.5077382615802968
20220315,262153,0.37118025656302844,0.21941162053534202,0.4374297974885688,0.07852901638592277,0.3122124079702413,0.5179322656824055,0.29751388150785396,0.4645832737293949,0.4534512721446269,0.37580722578940473,0.6066100061352238,0.04509694824503632,0.530807209471398,0.4082290330293804,0.8684190874813542,0.5292605687885492,0.5314629369834816,0.2432506182741162,0.2834105963689828,0.5653625051746367
20220314,264565,0.3685171528293625,0.22853392064747724,0.4242017251163894,0.0760320195147772,0.2888382520657218,0.5067112528296547,0.3031229046945414,0.46792899460521165,0.4412298187170738,0.37262465274882883,0.6286568034615452,0.04307078201366216,0.5160985537572396,0.3909917779524267,0.7928043768425732,0.5403420242636232,0.49923742449293473,0.24820968369148722,0.28180750878907124,0.49471318342543613
20220311,266128,0.34444506343421,0.23565039677954935,0.43097877985261324,0.07351034330651027,0.2571851056713572,0.4943477618033407,0.3025356936231747,0.4706092827054382,0.45085121502975234,0.37497001911708705,0.6171358069458766,0.034348300624364614,0.5214422697648378,0.39321017260629854,0.7966650232342369,0.5062468576682415,0.4910305988844341,0.24393135450271153,0.26878858868173294,0.5162991598184776
20220310,268032,0.31886250528800497,0.22553195646236257,0.40861171118668316,0.06944504788226571,0.2276981106055045,0.47831447543286565,0.2872274144099076,0.4754350718699021,0.43872555925073464,0.3401762706513525,0.5441221659555997,0.03279164203092283,0.4851283703437024,0.3746615318646479,0.7406304396114154,0.4478112581371103,0.4413420790589697,0.2279038385205423,0.27327802257709144,0.4875688166075549
20220308,262240,0.3021723305920474,0.22343885563633759,0.3719651118221272,0.07080985185285263,0.2199459683451117,0.4986839697027081,0.2670320890023141,0.5103384682271348,0.4070618894435989,0.3527035336448574,0.4873192053927138,0.02849413340266957,0.46545438477554946,0.35753565074630866,0.7068957408234333,0.4391227349049014,0.42805840115561433,0.22660930770045773,0.24791759812599568,0.43116189393127424
20220307,265131,0.2731067577070885,0.1778313054470746,0.3328080095860002,0.06555582274924918,0.19267226932244919,0.44714778715759396,0.25413816974849157,0.44744158098710507,0.355354258205838,0.3117600635901956,0.46825276799105975,0.026002903881038597,0.4422735138228353,0.3402451634216025,0.7067221996734634,0.403959513131815,0.36930345206632675,0.2070639941434016,0.23923230694382636,0.347438571445879
20220304,271343,0.2257420653230453,0.1374294075189697,0.2721636496008053,0.05104331374249563,0.1585383220547354,0.32425475991510044,0.22024333475025581,0.4058635994397468,0.3104954217205338,0.29014893068377434,0.3735652410636736,0.021096906359168777,0.36415304946509197,0.2953926528395737,0.674121699865392,0.3389436628149747,0.29380199151345576,0.17193858724285438,0.2144580232667771,0.23042701658891396
20220303,274708,0.22226841504383543,0.1590484896982518,0.2418086328871083,0.04241549176888168,0.11738243623700706,0.27391675909986013,0.19914873385656318,0.4250240230098201,0.29246263947562734,0.26064340469728564,0.34145391628751054,0.02184059093695037,0.3480031340002574,0.2848707996280403,0.5925441193030985,0.30828566251359235,0.2881431563983652,0.15745469492242226,0.19439268597731918,0.18861611883278329
20220302,270352,0.2819039359203743,0.1837366179277493,0.2757330555819586,0.05214380381987602,0.1680021872641957,0.3100797785306253,0.21302780990782866,0.4451703340816784,0.3254096431600715,0.2932360207395752,0.39059629292362597,0.03088047202274241,0.3867532365763442,0.2939235400641137,0.6198431031047742,0.3298154713639565,0.28794386002645944,0.1775279900065484,0.2053136562777108,0.20928023110860972
20220228,269918,0.263928783036979,0.1829562558129374,0.24012782969645685,0.053468678773134354,0.18014913819714984,0.2643096899020887,0.2078843498471198,0.38558176058148375,0.3159395664475535,0.2935762716146424,0.34938553249120363,0.027013091045716836,0.35258182971489926,0.2787303684727064,0.5729021708793065,0.3229294189270615,0.2254139254346763,0.1704561440122888,0.185045339427368,0.18175936494200684
20220225,267676,0.2929565984085267,0.21585164223647868,0.2554230691413728,0.05548448591431063,0.19724636193763612,0.2821777490237358,0.23051791011467515,0.43847927672193876,0.36829790775420945,0.3184978840620527,0.43965482445530024,0.033484633516658785,0.3809795462825729,0.3092753926044879,0.6376339319622353,0.3837773204583048,0.2468281461201265,0.17503766602531556,0.1886824567963351,0.2308134239314139
20220224,264880,0.30044314269599015,0.16306191564899453,0.1940728289698075,0.05623675921329682,0.20403877605297405,0.2805788196611321,0.21760172622794838,0.44200297422315726,0.3597616353696165,0.33994662546686083,0.38105109135619175,0.027229647067227275,0.34375022150016665,0.28412414389612806,0.5841376810562273,0.36081941524712646,0.20292559310054537,0.15647230626115516,0.1632562340464987,0.14797645006771631
20220223,271953,0.2665356360594997,0.11861100411225012,0.08796696518458869,0.05374821604985877,0.17684742212716031,0.20356971337504692,0.21293883886990306,0.3820205561874217,0.29318805690975536,0.26036350798501595,0.29774107888655443,0.01849362489130532,0.28040732719911166,0.25708392507149214,0.49402222390609984,0.2819157461358086,0.13056025777791547,0.13491533455606097,0.12300414816420735,0.026866379519604244
20220222,270679,0.3109560602281245,0.15874403095566691,0.14465511201999992,0.060025850063827296,0.20714891271696922,0.2417497651782985,0.24207013887186513,0.42877441205655975,0.31316402423196665,0.27617565506919184,0.40829837937700075,0.02655546755282695,0.31928305917752575,0.28896360243790664,0.5235949892992509,0.326971358956617,0.1687676956685431,0.13679738104284656,0.15572441698871564,0.10174238778767597
20220221,274380,0.2708399083811428,0.181054145061595,0.1440486628662736,0.0554959998922184,0.19428275015325713,0.23062436384839935,0.22140665063766207,0.4707650143166755,0.3615122267606399,0.26160690564075284,0.465750492767373,0.027033530205878648,0.3067863122708152,0.2619677650259201,0.5392300870933575,0.33857869561894227,0.15703620706020915,0.1505154807396466,0.16383210879719323,0.12638078951481946
20220218,274452,0.28822317206451875,0.20220583197955677,0.15080939298079876,0.05496344551058721,0.2010629246907394,0.2416821765633017,0.20994139162529335,0.5478151063855856,0.3805471097363411,0.279690870583277,0.5244914260108229,0.027735656723717167,0.32751457093952374,0.2541318407715142,0.5707405364641132,0.3681665971058756,0.142337994368533,0.17096785664935288,0.17711477697061728,0.21114125975433673
20220217,274409,0.27374873782336184,0.1778025632695457,0.12439563526999708,0.04970275599761578,0.16379842010035706,0.24301052531123868,0.18578728132212508,0.5548321368408828,0.3277456326274235,0.27815897140913437,0.5259767374203617,0.030750304729998124,0.28339148815831106,0.23437100921953558,0.5536272049761413,0.42240781853709763,0.10951861290316955,0.1705556703113149,0.1799927289437997,0.26438709843909525
20220216,272968,0.2672530705962013,0.11294700104822386,0.07060233947714356,0.04722082304676292,0.15592441426552917,0.22679302781498323,0.15019291657975575,0.5444367449274226,0.3596314803165688,0.27749641610072695,0.4912997419662015,0.020097004584883782,0.2673309257326897,0.2232856586106028,0.5312770177760326,0.4486118322176138,0.0942221516256021,0.14416545614684295,0.1895247928287127,0.21560977897707723
20220215,267654,0.2692035692860879,0.09520404442619324,0.07725021327824488,0.05640162940128127,0.2784269764227383,0.2615859417781041,0.15608979624977004,0.5584955441502895,0.38862245694976383,0.3402122852089664,0.5178671309227441,0.01767524946903362,0.2950536897879641,0.2255007354029398,0.5720078290277815,0.4858304984666948,0.1383960936687436,0.14919602045796354,0.20886726266983513,0.2945930614054393
20220214,270448,0.27082955492069183,0.07792309870017133,0.0369794528276306,0.056840459564533846,0.29143535143557386,0.2307419565692601,0.1557254063846868,0.5591641201999282,0.34741665287153944,0.3047656288068883,0.4683348304860355,0.017154844938009256,0.25967394678626854,0.20590636460597256,0.570884787328392,0.4467419937548114,0.11235791847740662,0.1294770660691712,0.16821262345289822,0.16603191959507058
20220211,274771,0.3140252597927198,0.11469178042905237,0.044137649708978044,0.054476059202190424,0.24160522221384717,0.20879768269334664,0.1607519938331835,0.537470445791111,0.321262570709822,0.2654369666438301,0.5325446726447516,0.020105653677405994,0.2739681055342569,0.2288911016261731,0.5423481481820456,0.4136704049234259,0.1162964697789739,0.13359974068771563,0.17017877179022167,0.12831784068243834
20220210,277193,0.2959926297472233,0.07895785161660407,0.006447607141667033,0.04675966985287153,0.20003158459489345,0.1763718183697207,0.1598381570663543,0.49342212375732597,0.21986187425198622,0.13589242647177513,0.4949013129173463,0.015554069794023323,0.17973174442897033,0.1808178579834362,0.42885217203698267,0.31363284925798696,0.004089884049394588,0.11044524821538015,0.13752064678456166,0.0029699040378656782
20220209,276885,0.34189627510767173,0.11960617781701521,0.029706146051571514,0.048271742741618634,0.2078316131821918,0.18945748295667153,0.17612279160447242,0.4900904058990325,0.23757726733889672,0.1603425884448182,0.496585665738285,0.02049620793583931,0.19287746209660184,0.1994215924501731,0.4645072836359725,0.3410848175553014,0.014681018138884783,0.13702236877252838,0.15820876291800834,0.03456603918026868
20220208,274647,0.3513362348894671,0.1258911137963954,0.06475838359778696,0.050216569493814006,0.21328598420554812,0.21259279481675808,0.1783779706526446,0.523237993423189,0.2904916507163673,0.21741760649169595,0.528834029372145,0.022621870326154564,0.2188566677958914,0.19610185333291585,0.5062932952381975,0.36748638705217584,0.041685058660983376,0.15125679135134318,0.16316345624686235,0.060605599418164235
20220207,274506,0.3718487669174866,0.10897143318175906,0.047609526291091386,0.05451732782645699,0.23149140188113781,0.20006332185131348,0.16808697686890295,0.5267412857945621,0.2734519257219048,0.2090252679702458,0.4497270587701714,0.017469760303742726,0.21206468507715837,0.17708020450156092,0.4664013234581832,0.31939896576970983,0.04226796068935923,0.13504830583029237,0.15265085084678398,0.052680318110174706
20220204,275026,0.3766901102087439,0.10440514249323063,0.0,0.05423157753937827,0.2472159045662301,0.17414103918003954,0.15694225327292533,0.5233916785179864,0.2795757241586443,0.24913925378569046,0.4413319634878845,0.011003956159957223,0.19423222758684022,0.13403047039536742,0.461806219642644,0.30713140907630776,0.008070461517240446,0.1287929560569584,0.1430634297215948,0.0
20220203,270782,0.39715999995075557,0.12368951482943857,0.053403268693643646,0.060224809579209865,0.3145416847604223,0.2287069035556577,0.1798715880299917,0.5612655583824111,0.3151498747797774,0.25074862099216166,0.44466022454689313,0.022045422851799112,0.21737403622137386,0.1469806665316511,0.5369973529418297,0.322101995445055,0.044264735104504904,0.14617453033277916,0.15122165841771784,0.015285059642220045
20220128,266334,0.41378413914410883,0.1666772301728514,0.09086111617741732,0.06219630570657306,0.3455050485903879,0.2558017595282025,0.188420638136661,0.6040920065608124,0.33876540287739343,0.2733201492722437,0.5322429372082396,0.023142073562581522,0.22775824620064555,0.14396182441322924,0.5704083838895795,0.3696086464271022,0.054018635735224585,0.17244706755897599,0.156621442090076,0.09433272291368455
20220127,261449,0.4220168113773697,0.21675044714708647,0.09731359059121947,0.06239120290813863,0.3736523882026428,0.28587091267174447,0.18916269905577643,0.6288955040987858,0.36783514190330746,0.2825549735329933,0.5696863732825377,0.03000878045507613,0.2624462465029216,0.1577012726513367,0.5820351980806577,0.3899115270265374,0.08017555625570227,0.1706682090863535,0.15696911179811612,0.11444239853928906
20220126,270924,0.3406361811924059,0.17838010429166729,0.0880261493913399,0.057489626500929286,0.25533939083038115,0.22163229975944976,0.18268752965304935,0.5480435348684818,0.3563330495489945,0.25991540955407055,0.5195521131902603,0.023704553660533895,0.23384497519622105,0.18503833896904387,0.5282342827541189,0.3470284730819062,0.0482290182700571,0.15000729227738052,0.1565541136120313,0.10186127435090553
20220125,272039,0.3478610248046017,0.16704181085861558,0.09636837119359076,0.053980384909852214,0.3213824129235259,0.22399045039010335,0.17670160170213367,0.4987114054257522,0.36818744006035464,0.2673386695225133,0.49412307509278275,0.02533407179413885,0.2399769637574347,0.1813891050581533,0.5307966578162484,0.33471557785263095,0.050083092785739414,0.14897135456553234,0.15423883272447525,0.1233318924138116
20220124,279200,0.3153114956390981,0.15968382504229361,0.09513402713325414,0.04498895222766833,0.21243887320708144,0.2134194000388936,0.17244075672232595,0.46368668755043085,0.32333881799720365,0.225118013042636,0.4408847094052082,0.02203252842625783,0.2198271271050789,0.180320349654975,0.48227722183926525,0.27396731128275253,0.02767131605678097,0.14614924024597598,0.14191908514024176,0.07748850422830156
20220121,283429,0.27379593397556223,0.15733372734727347,0.0757358140470843,0.038677001835660446,0.17425794865472222,0.19470093248299514,0.1755380484708482,0.4469426784936381,0.3078475711226407,0.19424942713623472,0.391117267946282,0.02182124484137457,0.19580086145861442,0.1802074432814571,0.4581654728499873,0.2774518023799357,0.016858660833454664,0.1503292853719429,0.13112207540910914,0.05206211797792193
20220120,286268,0.26418706320395824,0.14099088832915352,0.0474517916284416,0.03353057042161525,0.1382072814750872,0.18252608599349962,0.1664441635059113,0.41979802752940776,0.28945006917135196,0.15151437822465574,0.36753863772198847,0.01958438712363661,0.17164347124652246,0.17235145210575364,0.41917758804620275,0.2383977738106131,0.00389616555353145,0.13506653340504315,0.12718984904358455,0.05708587613183047
20220119,284228,0.28226725415968823,0.13306833673572105,0.06883101246076184,0.035738522175782356,0.1656802549946943,0.21053968182782357,0.16790943740460806,0.43346107357034724,0.3358861176546526,0.1598128005035262,0.4058950357553883,0.02399332239021526,0.19908632556702344,0.17677999580389747,0.4571099577473896,0.24880633536026964,0.019688473663650452,0.14043425343852478,0.13439468158930434,0.11809032255141938
20220118,286424,0.2703570055879756,0.1330887270046901,0.07154414368882489,0.03634832414909059,0.15841807631607585,0.17900654946147232,0.1616141340062981,0.4334685118570747,0.3241242656879233,0.1410850668466228,0.42607421494795084,0.02522092381510621,0.18556850132185976,0.1686120695769736,0.4353562430695126,0.2563906375760363,0.01565735686145553,0.14055758991111988,0.138942647788326,0.11582026792270339
20220117,289010,0.278596832246371,0.11120447923973753,0.04850024682958587,0.03544536588727196,0.12456558695509967,0.1656420135706349,0.14433356363473304,0.41442709481334816,0.30338495895631623,0.13506740394599404,0.4140263600599732,0.02381584761041247,0.18250844552783407,0.162348309541956,0.4266965805788281,0.23301471422551878,0.0003895889333500602,0.1479721734221694,0.1399444390042529,0.09524963085308125
20220114,292192,0.2800596916421425,0.13258688526770435,0.1550540656477093,0.032064293525562476,0.09358532422323673,0.16497249482959098,0.142106089113341,0.40009473482233204,0.2892305576554739,0.13923291232508306,0.38131789173295005,0.022843155213862987,0.16725462934416901,0.1541027822773161,0.3850866710083971,0.2121240393002306,0.0045257735332406845,0.15330379297222552,0.12402447215695211,0.1553655235396394
20220113,296209,0.2567500164798504,0.09923350441555656,0.11695324261890949,0.03175307691746429,0.05352943371325303,0.13990389577712659,0.14038864966831455,0.38432332428719707,0.27943494548197423,0.1265473136019133,0.3574556796842403,0.020545418375187363,0.15627358785055367,0.1734912682250933,0.37460714754724544,0.18863207621972866,0.005644711999190477,0.16559417661378673,0.12684535434603805,0.2161397336361044
20220112,297248,0.2601544470705279,0.11399185210620932,0.1304894949733082,0.03287595854671363,0.016278933217455993,0.14360278106783486,0.14193773427055956,0.3939666437905345,0.29417342583960737,0.11421002879119913,0.35297956573266287,0.027985711232093036,0.13736381963389888,0.14518225600615264,0.3543391876325914,0.16434802087766287,0.006229472140124592,0.17128125618716517,0.13151379973778854,0.22096068831380355
20220111,292738,0.2646859974694482,0.11538292157431207,0.1464940030844022,0.03310555848307953,0.06068195763460249,0.14863596149559166,0.14447698132622233,0.4404890277023119,0.3228357029756104,0.13513130661458894,0.3477787372491199,0.03011083619172411,0.14034536874387804,0.15421223409881424,0.37925781197212727,0.19998345359021497,0.0,0.1678041154702632,0.138030258323514,0.24363905939507502
20220110,292672,0.2715811165457318,0.1379576086107257,0.16803262338312241,0.033543634903874325,0.06987949654364156,0.15516016530776167,0.16568122065420288,0.4578477875272631,0.3414396063765277,0.18766644051806392,0.3672742461034437,0.029022808776093006,0.15009162281953037,0.1685964825095675,0.3994673462477336,0.21250432433420596,0.013715054709081631,0.17189682265174244,0.13757850352652679,0.25711863403798674
20220107,295489,0.26702841857461435,0.13123838395981635,0.1582037002294836,0.031502030323450086,0.023357110610684906,0.13011468483283783,0.17394337652270042,0.4575605482124807,0.3027565562214558,0.1607362777283059,0.33562777790885523,0.027952985691814897,0.13621020351971613,0.17622300301613858,0.37936960219372695,0.2129321584153152,0.006688634497442614,0.15897164006683373,0.12926292802616945,0.21720989242728894
20220106,292053,0.3325209573306409,0.16122284021311484,0.18690419969757022,0.035202085298414926,0.0693914910577691,0.15646834984928493,0.17567381914052593,0.47984008693316627,0.3089056533491412,0.21353950453295356,0.3724024660269607,0.02983842896776978,0.1760178533949175,0.21730207446520267,0.3975918117789756,0.19163547479424659,0.08071506052317146,0.18330532881792871,0.14746129336644398,0.29590354147235143
20220105,295397,0.3297609475031571,0.13954418606314745,0.20563764037066212,0.03188474172110581,0.0980631894713313,0.13491598028765228,0.1655028090584827,0.46308402988094555,0.3071162385735928,0.19865044146805633,0.3340516376644951,0.024388249733949208,0.16877387857021464,0.19486895592895814,0.36440103212174435,0.20182709106445462,0.11641271016853749,0.18300947987543803,0.14730159352504424,0.3764825399016569
20220104,298924,0.3157899554419945,0.14893116027575992,0.23701967370951293,0.029536330556940077,0.17748153670913513,0.10076747509381234,0.176992057076107,0.45384055321111383,0.28271630064379805,0.17808578420206578,0.40693301243921054,0.02393435841262559,0.16006725081007467,0.19550463563432052,0.3445483639408349,0.20198416379474682,0.12117900093880651,0.173778222062283,0.1442523688218592,0.34668308739206255
20220103,298877,0.30165064778197026,0.13692698103042988,0.2542722137180391,0.027892834930025062,0.16496359418273787,0.0991937210487015,0.15766159675279978,0.4439272700775141,0.2942327734217711,0.16526552320412513,0.4611281056661338,0.01882540527543769,0.16559556164461697,0.17325415061222116,0.34496932592652363,0.18194154152528674,0.1326325779201658,0.15913994153000122,0.17032941839355886,0.3597528512439476
20211230,297765,0.32220820468174316,0.15573506310488505,0.30541301498814577,0.029083572992543577,0.17642879491387742,0.15859527149866626,0.17856620787520106,0.47831807835060625,0.3096309532957662,0.16978508818856897,0.4959033670988413,0.0210488594377318,0.20696387127725702,0.2183375480662858,0.38595196632294426,0.187442227427977,0.18246494316346262,0.1698834853037665,0.17338083722089048,0.3853895151015063
20211229,299329,0.31754308673376674,0.1564227207974842,0.30532067563291587,0.02496056857734172,0.14493199268385748,0.1510906787497286,0.16449974582748406,0.5150008933019454,0.30612280642524925,0.15592122069229752,0.4479884716357414,0.018724310081230905,0.20549131267068366,0.21205575894376782,0.4134334057511617,0.15835481169166132,0.17415506499856193,0.17021353011658713,0.19077622959769625,0.34233076541350504
20211228,302024,0.2975206116024005,0.1662785611641837,0.299749884685375,0.022431092639274702,0.14343548456654887,0.14339134442982493,0.15277751153593122,0.5251514859998001,0.2782891210520422,0.12395930225386276,0.44505969741284424,0.015176679336290577,0.1868020196009219,0.19704109110423984,0.3850285849203634,0.13187317884761196,0.16767427709738958,0.1638996995177675,0.171223293606516,0.32530242083193617
20211227,299955,0.2724121090753957,0.17002049034338196,0.2865058299151313,0.024313604146613682,0.16473493407873985,0.1286553209877015,0.15675225955725602,0.5664481577060823,0.25686678256585993,0.14793095771521947,0.44118753710511194,0.018444265077019018,0.225124438924593,0.2111574417711658,0.4027606916636379,0.1397816914622616,0.1977863733072034,0.16803628432854523,0.16814333361631262,0.3290787166282554
20211224,301243,0.2541026106398514,0.15744257987073995,0.29557236464911907,0.021775860155371612,0.1719153127352766,0.12122717437162889,0.14488947845406042,0.5508729369259671,0.22190538146867755,0.1368008324629657,0.40520223768604136,0.017134443879337352,0.20693283863592304,0.18265869222463993,0.33070341329596187,0.15900293197960957,0.17270376334285187,0.1619944904304378,0.1639518316569163,0.36268212615390416
20211223,299817,0.24772785553872234,0.15363645249410496,0.27440228004378087,0.024029622137371115,0.1899252103872855,0.12270354052898291,0.13975685302704932,0.551111458522354,0.25417023257303883,0.16773069904761595,0.31763687407439334,0.01882058418164384,0.19917346185910567,0.18428842205659646,0.32755204753162603,0.14657906449769675,0.18839726977577742,0.15298389093254583,0.1604765677656712,0.3697832242061838
20211222,298448,0.22815592926671457,0.12738440191233358,0.2744185040137741,0.026611750760505287,0.19410681204375013,0.1258279773341815,0.13620692798134804,0.5561638675468084,0.2508724771387312,0.16348773950203443,0.3095803471362588,0.01568487989618078,0.18899084230894836,0.1626369798877254,0.31919940362651067,0.1550721333777605,0.16905523158755864,0.15135514863104804,0.15657569050857534,0.3704087984542799
20211221,297503,0.1939113368632246,0.10750916715592895,0.2610562806313115,0.026315275189912585,0.14749598348418402,0.11674232900073411,0.12547430961150496,0.5739291125197106,0.2751068097415388,0.15059445111606484,0.29078901119506817,0.012301616008311478,0.17204100846601156,0.14855872763078293,0.2949870574104325,0.10637329194018119,0.14557631085177314,0.13433312939398911,0.15421804393562522,0.4535097480317023
20211220,296300,0.204806748305437,0.11724967323666036,0.3184416678208173,0.026569512715321625,0.23933167182461323,0.12753193201400492,0.12513186908741203,0.5871189496132669,0.28754639504590673,0.13987538690980306,0.22932071380904984,0.012089342678838488,0.20964190690453544,0.1511095912136602,0.3091537777799678,0.1383013599212628,0.16578571091391092,0.13660144129901086,0.16625783497048063,0.5599930327993805
20211217,301773,0.20494610391150103,0.09229555857724403,0.2965561575675233,0.02447555389284764,0.1794419382308412,0.09595199530152176,0.12401259223998828,0.5543407903485122,0.27598372423398465,0.12283489220341415,0.20943966424038996,0.012401134047519469,0.19722402069760658,0.14842137234870778,0.2938384287205389,0.12181441852901176,0.15898782047295845,0.14154781234422542,0.16106090560589736,0.54316214137233
20211216,300641,0.1988578286259466,0.09796083524733912,0.2840597002488401,0.021537786504956608,0.1783704985352932,0.10377898399135299,0.12395684838605803,0.5597340336642,0.29444119392796786,0.11466851724458049,0.21654612075424318,0.0106968351721686,0.1990879139146724,0.1486972113972851,0.3202656815061158,0.1101655339223464,0.17160411356192173,0.14148839615604925,0.16781391773691068,0.595188463382649
20211215,298939,0.17605203105584621,0.0827633201915643,0.33644953485782736,0.021711825165335735,0.16903690419639839,0.10403123322265873,0.10748428578876201,0.5632796083380964,0.26477379954261737,0.09287758259486378,0.16625056682331385,0.005029208168903315,0.16493435676944146,0.1222103110913988,0.26724791683845495,0.0831873746909888,0.21167255210369174,0.13591664275579096,0.1510906368603414,0.6196596751939998
20211214,298795,0.19677347857386152,0.08800082295472933,0.32197369874437065,0.023769185836623713,0.16158446034667673,0.11668054506188041,0.12222523921789752,0.5516530675575786,0.2908281234832626,0.1077661404833985,0.2231104473748997,0.008527031480412839,0.176765524467404,0.15264400744020679,0.2521575410621828,0.1075378351108296,0.24713604161069913,0.1441880354018492,0.15637609987166579,0.587830337607147
20211213,300166,0.1961300627685667,0.11664359040373928,0.3171547435006119,0.020466241641384025,0.13810558315170196,0.11526052903566564,0.12818997901057083,0.5343886990290416,0.29541219545362396,0.10707835028240176,0.2724478171618294,0.010269426399278136,0.19411314070405927,0.16015087624874813,0.25972295086962327,0.10412471649678468,0.37048374009341334,0.1468774591495301,0.156694589836062,0.5823500665758132
20211210,301023,0.1691162823606096,0.07147490950365576,0.2839646708839081,0.018130003075818274,0.1016482541147461,0.0877799909023178,0.11588246069800567,0.5119727718330949,0.2533997579602669,0.07861008608752851,0.2280944186564584,0.002100551154194885,0.1368107551619513,0.12452913371647556,0.18864698897541765,0.059977710324314204,0.30239749311198705,0.12176664346022481,0.1323439511716702,0.5014224577406039
20211209,302957,0.16950021596075238,0.06225061715521041,0.2807750716446211,0.01716221497442519,0.0912369377060136,0.07995488809596552,0.1037175089138459,0.5168776170275264,0.2462817366795993,0.08231315193409672,0.2268272844089434,0.004230404463158588,0.13285811838149408,0.11573104247951693,0.17538198029493013,0.042636273608472885,0.24651421032436116,0.11340651547834169,0.131476572553475,0.475300055907804
20211208,300180,0.15047600747125078,0.05525372921667593,0.296997011981299,0.01877592711267692,0.09788060659758013,0.08329208160113133,0.11589839084525577,0.5526263526206017,0.27776020894893994,0.10080092949433661,0.18523968691213732,0.0035273440278330015,0.15329061475539096,0.13380221642799217,0.16472786265533834,0.04625015005021815,0.2702883511988594,0.11781018478169725,0.1344500814928825,0.5206908215236541
20211207,299172,0.15386186221919362,0.05100144132514628,0.3235860215665036,0.01755171248168022,0.10099608483664468,0.1442635134783441,0.11574274496566905,0.584478945471961,0.2878161695869772,0.102431523759277,0.2400815531082625,0.011768492709917089,0.14328916493165478,0.13401283084175508,0.14510349965570457,0.06317838887219906,0.3109982417760244,0.12600636564530343,0.1367735733390789,0.5707172049558991
20211206,297325,0.14865884149043906,0.044943662556807595,0.3123339442979003,0.018929252754797427,0.07339422329585954,0.14017412474103152,0.11056653429852714,0.6077456273220729,0.2794448926922348,0.10440055304008089,0.24575774878943268,0.010312575594664863,0.13594276946926742,0.1159599966029059,0.1013140728821349,0.05800069082014114,0.30978302195146856,0.11822280280930675,0.13362520650356413,0.5016072013588362
20211203,296833,0.1701742708459293,0.07200571295821856,0.3155992423576317,0.021869991083834445,0.07203578285346834,0.13930534633347835,0.11517483577908516,0.5958023400340182,0.2764211152856346,0.10411840238437264,0.23098407462630588,0.013600690354348965,0.15064363460006525,0.12761352150643757,0.1107692982149906,0.08677345288374005,0.28791972002595667,0.13267183237049163,0.1287162957642205,0.4986226134769396
20211202,294527,0.22130652339495627,0.14166010848725596,0.3994001490692747,0.023268264070856054,0.12340761242494169,0.1568337759671461,0.13734827964186236,0.6051745162771978,0.2864773001127039,0.15896797523412953,0.31683823226931507,0.019557350200252566,0.22560419516976005,0.18144899638148204,0.17241137983845944,0.10556552604202163,0.3214285289092089,0.16596930821514078,0.14426037626483057,0.4211849985491991
20211201,289972,0.2069708971954154,0.17287139741959767,0.44959093310130904,0.023150231530881776,0.1357478621572379,0.18260382279382448,0.1292389777434937,0.6371648970819943,0.28790605362465405,0.14144350158389174,0.306913828584227,0.018121930177194018,0.22215031516638728,0.18176480330879097,0.18495480305859324,0.121618565069042,0.34998136083621323,0.16686188216301223,0.13096229438685503,0.4373402916195457
20211130,283901,0.20534504992792368,0.19774658962913771,0.4862951631171837,0.028152857415805393,0.17340906323994032,0.22366680204683576,0.13556766717554958,0.6921023650056544,0.30793477373614775,0.16499404072845225,0.41374997629237265,0.024903091031407587,0.264993326704801,0.19773791185835543,0.2524238556721985,0.17146221220016478,0.39465530651133296,0.18427468262784663,0.15473122649093807,0.4801927909904271
20211129,290932,0.15749841546314025,0.14501732870700312,0.3825985538825991,0.024892078020124525,0.13592681187727562,0.172192987701987,0.11889909183789704,0.6360114028797423,0.2655468891737012,0.10426843012641607,0.3408426633158492,0.023355836729467394,0.21546753238193705,0.16454015771379193,0.23886817456644827,0.12833061303178495,0.31288856195988113,0.1494169044354634,0.13604211719040082,0.39056537878385766
20211126,293644,0.1439310497617563,0.14139061950233445,0.3523136483675804,0.018844596416742493,0.12531272105939273,0.1478315441721223,0.09613724014811498,0.6277952073229227,0.23655363896665293,0.09227840352178274,0.2854844025482246,0.019216474010327417,0.1813078181825405,0.1502211741463676,0.16296257773167255,0.10726559445388029,0.24459642939485704,0.13667060744489012,0.11352968722268642,0.2988893372579624
20211125,298027,0.11151818674540692,0.1576570940986901,0.343468403012406,0.01808951603704631,0.14793507575763432,0.11251969326415345,0.09017879601832024,0.5975895938930478,0.2352946597652963,0.1116790450641092,0.2672422101445895,0.021928358837725592,0.18470636786795747,0.1561923277388767,0.20227940895329688,0.105608878160524,0.26130297117192236,0.12385964661168902,0.12191947108440215,0.3328842441080617
20211124,299429,0.04067884209748551,0.12744131116970836,0.3351495348826654,0.017356894004341122,0.12913238628515433,0.08839405412601953,0.08206298179142668,0.6015721334247051,0.21811948474731802,0.09235768007483869,0.23110019637891455,0.01882716907197496,0.1615577496107634,0.14509359962546653,0.21629397493286606,0.08817330254287015,0.24704134987483872,0.12602647772473607,0.1097539835822936,0.34042831761509174
20211123,299733,0.03984637307244787,0.13618946507315588,0.34952403926751696,0.01438655461318225,0.17577675228514655,0.09074234853112717,0.06831383973556682,0.6511242112588049,0.2138667214404315,0.0866098888318565,0.2213263585674652,0.019727339163262303,0.152684115877594,0.12719299003787143,0.19142489835798182,0.08134610966623224,0.2951357999047006,0.12276817834151188,0.09943603666241585,0.41558342282764116
20211122,301325,0.010427777576834885,0.09749553830474311,0.28287830032672145,0.01689697201752724,0.14356007767339252,0.05929359774562504,0.051681137558637735,0.7493770679654204,0.1843675372162874,0.10051780953207934,0.15382168299803878,0.014207040521106329,0.12074587372614043,0.10968844248676157,0.14216291063923325,0.02999989254746116,0.3338416261044279,0.08757611942575938,0.08109382013503763,0.31637565585650806
20211119,297102,0.0,0.09049500310179193,0.21008244176252222,0.02268670164805467,0.1563485631176924,0.04045687240021212,0.05335289249875119,0.711922385981929,0.14363937465589172,0.10768743440704687,0.09101015287054359,0.010218675381828662,0.08389972470242846,0.09236390819831153,0.09247582926107634,0.004319038349996029,0.28652022974265523,0.0658163117334657,0.05888808938114054,0.246726860924682
20211118,294738,0.014131154646706223,0.0844186673427807,0.24350329335049725,0.021571566319964625,0.23777095485213673,0.043240282688799425,0.06156243753325846,0.722267290475926,0.16931915930077923,0.08576813432825592,0.11359078882978935,0.012008304274351622,0.07211056311071751,0.09531394202590648,0.13704755614924835,0.06204907244876989,0.28678858971606935,0.0820792191975368,0.0721020195985479,0.2613878934582252
20211117,296242,0.020226163552785614,0.03847138543877748,0.15983527982143508,0.012917479783977698,0.1904900657898927,0.01385989014269895,0.04796066238620994,0.7016437974913763,0.1140078416546022,0.045076905885982343,0.04039878496164939,0.007098933263255891,0.02414388429918146,0.0687390758239762,0.07667915092272626,0.01911878917205434,0.1961262596624569,0.05453756363594198,0.05017328550469258,0.21466185832131313
20211116,299721,0.05405073977633634,0.027426766710459516,0.09676836189497129,0.007661080684388533,0.15890852880998674,0.0050077872921068245,0.046337607291404126,0.7847669537335609,0.11061969018076678,0.03366088461046024,0.03347462900663212,0.006043192498492417,0.020277790228861337,0.05348333431386876,0.04335361226971446,0.012179070724566365,0.16949506682386595,0.04577701169263493,0.0393721130818494,0.19425294805777016
20211115,299952,0.04587272053272318,0.0,0.08223141428455394,0.011149666168774414,0.11140897148677897,0.0002465558921740385,0.052369641608014605,0.8278112935450355,0.07353330524008661,0.0,0.025991709047080702,0.00011887484409373039,0.0,0.051423558548527426,0.017546548191898825,0.0,0.16874415259949638,0.03095244777302575,0.03145201308377432,0.16656746119485755
20211112,296880,0.06875896963736494,0.03800842989120157,0.12593411348608985,0.013975976908367188,0.11800518996968279,0.036790452195592405,0.055941104461613156,0.9205551895152344,0.12733935927138518,0.04930100882623889,0.1388519697279933,0.006695030977957095,0.05752508300284487,0.07451863194341823,0.06389663279993596,0.05592301789288756,0.23210468338495271,0.0538377944955889,0.05495861511076516,0.28622504579450947
20211111,292492,0.07306767313981677,0.08438882056111008,0.11121458518861216,0.01758083999355972,0.15005279751258582,0.0545551569299374,0.04420407013686872,0.957282525898318,0.14592040956220553,0.06859636969241811,0.12321263094778234,0.011420638216156548,0.08185456219423659,0.08202337222143441,0.04941426851502073,0.0724800952067548,0.31155011334242433,0.07220485190336479,0.054988394014498176,0.2804201105723103
20211110,293017,0.07573962910313847,0.10685720367193152,0.18178721466097447,0.015340799612819228,0.13961910638299235,0.07826963071555992,0.04646700658253661,0.985396784852095,0.16423849184569872,0.0630475658638272,0.15169436350041376,0.013209808027848602,0.08828309291269654,0.07522171208644679,0.06896024297399328,0.08297288822050741,0.2989789407824728,0.0856649392255654,0.05367412861259313,0.33938775405920163
20211109,296246,0.05286666153926678,0.10546638350658766,0.1872662175910922,0.00981090822811323,0.10861909854282548,0.04933982361772182,0.03016142119024784,0.9801117439967908,0.1401724145180776,0.09219543911922279,0.09356122326828142,0.009903076374060349,0.101028161515476,0.07407164719801829,0.04948535602404869,0.08565731083237882,0.23974331966867846,0.08156005078929995,0.04590172073297727,0.258389919905059
20211108,296020,0.03678998261373989,0.11596247898331224,0.16613479873810832,0.0032921453415281077,0.07359497295646067,0.029937133306833008,0.013876569054929733,0.9666548131812194,0.09699391156766102,0.06027698869898246,0.028976024989501026,0.0010325918096053543,0.06651753826483331,0.04593306858830348,0.011034263719136739,0.08321979185075468,0.2524513271504085,0.06668182565890657,0.01900252925897622,0.19987274104823172
20211105,296927,0.054459082985319096,0.13424826497413567,0.16672553703176396,0.003570456328742422,0.041934312255948125,0.06016378824615676,0.01768404270988372,0.9119232297040787,0.09393128966309283,0.03421617649250752,0.031818698116056865,0.003681265687061619,0.08098527802955613,0.058906825508707295,0.008915417805599457,0.07735021741345705,0.24575073784151424,0.04823291131156482,0.029695818050025413,0.2408629302210663
20211104,298322,0.034395423175891615,0.10768063658418114,0.12265572996153629,0.0,0.005493193029949328,0.021972576335188787,0.0,0.8474112823539612,0.06055178736966238,0.030618657598632915,0.0,0.0,0.0604934485143227,0.04017891350694702,0.0007169135339692989,0.033301922865569766,0.2152503266158854,0.023391219295334942,0.004781677831624476,0.098987767259608
20211103,297571,0.05357146375377253,0.12538746138708845,0.14742150862598336,0.006433495869699518,0.0710591924417785,0.02376678884699901,0.01832558043262217,0.8762946432968528,0.07583969302218807,0.07554934901547128,0.06186353705837755,0.005245412595497406,0.09786635833155422,0.0736376160494665,0.06605041530513867,0.08915756552966059,0.23948125621515626,0.03474294202754613,0.03045209368119539,0.19543289111467388
20211102,301349,0.05939976405868275,0.11353341814766504,0.18817959754432012,0.0024166621149953327,0.0342377232494262,0.01043366138916757,0.007444087797152166,0.8556431745391202,0.0572422015044356,0.07341024248314998,0.07071136040664272,0.003913989752482444,0.061261979713810755,0.06471336542731465,0.03850914600170796,0.06256930767582647,0.21816678265708678,0.02649532322299042,0.009475678904217355,0.10427252574176116
20211101,297894,0.10442483734703267,0.12859841016384443,0.2990168515607592,0.010402424940995775,0.0729905335384502,0.03837117441611859,0.03606084065420129,0.9421398997539194,0.08784145125707199,0.10551928823985346,0.11955027979964594,0.006622437962933769,0.10738663678545901,0.10505082525429299,0.09632975343385297,0.10892845858405487,0.23340328652682119,0.05422436589538637,0.040490125765999974,0.1750540024893481
20211029,297068,0.10087794730311894,0.12775552040584692,0.3320060965149034,0.007812967161330592,0.06717001273152556,0.03722166247348979,0.03624741947609228,0.9738162484656345,0.09008018278767671,0.11957044048268384,0.08765355807042852,0.006329674766290289,0.11443443165866118,0.09187194346282423,0.08909499652830322,0.09262607151106717,0.25168406244450714,0.052134098792343875,0.025336867033942667,0.20501829093870816
20211028,300955,0.07000578828328607,0.08250755933288612,0.31461039894853493,0.006470332852357347,0.027658169786616504,0.014162379569031991,0.02417322291735008,0.9624471199258959,0.06276423522135754,0.10536225346313755,0.08595706602988762,0.005140814521498754,0.096847555563218,0.023088697599279118,0.06513743348090428,0.08629189557026162,0.21088066232762337,0.021135974199691043,0.02767486408613329,0.18020542781219984
20211027,302549,0.07808576787940713,0.1338879414254568,0.2828902823258208,0.006433955329436525,0.007569314218451417,0.0,0.023386938335551444,0.938653747574056,0.03921423256529488,0.08361489805934053,0.0053012539330035136,0.00056372581322503,0.06481720482714781,0.0,0.049900330942131976,0.0890264012249431,0.15634006159022973,0.021604964475223754,0.0,0.14498547382564064
20211026,304908,0.10452925790879997,0.16336203061042953,0.31672421215341817,0.004433927633369555,0.0,0.005757599811926806,0.02379281231171676,0.9519171214445086,0.0,0.05005541699425442,0.02453954873184805,0.0006084454776476844,0.052314372070757065,0.029819851959064114,0.008629284197153142,0.08130084445251695,0.1631427065497666,0.007651035316197485,0.011756171207551847,0.1756684961263364
20211025,302054,0.14712422963265293,0.19357471010543903,0.3501870231628219,0.008052010553251138,0.022007223561707256,0.023051713614689717,0.030148259318543036,1.0,0.0034490349373943463,0.059689278128955525,0.030108161601756445,0.0019069755995976545,0.07156937696712262,0.02654833138153534,0.0,0.07022217105873829,0.17069104396946266,0.0,0.0074720600340209,0.09726568867359076
